identifier,generation_id,tier
bulbasaur,1,LC
bulbasaur,2,LC
bulbasaur,3,LC
bulbasaur,4,LC
bulbasaur,5,LC
bulbasaur,6,LC
bulbasaur,7,LC
bulbasaur,8,Limbo
venusaur,1,UU
venusaur,2,UUBL
venusaur,3,UUBL
venusaur,4,UU
venusaur,5,OU
venusaur,6,RU
venusaur,7,RU
venusaur,8,Limbo
charmander,1,LC
charmander,2,LC
charmander,3,LC
charmander,4,LC
charmander,5,LC
charmander,6,LC
charmander,7,LC
charmander,8,LC
charizard,1,UU
charizard,2,UUBL
charizard,3,UUBL
charizard,4,NU
charizard,5,NU
charizard,6,NU
charizard,7,PUBL
charizard,8,RU
squirtle,1,LC
squirtle,2,LC
squirtle,3,LC
squirtle,4,LC
squirtle,5,LC
squirtle,6,LC
squirtle,7,LC
squirtle,8,Limbo
blastoise,1,UU
blastoise,2,UU
blastoise,3,UU
blastoise,4,UU
blastoise,5,UU
blastoise,6,RU
blastoise,7,NU
blastoise,8,Limbo
caterpie,1,LC
caterpie,2,LC
caterpie,3,LC
caterpie,4,LC
caterpie,5,LC
caterpie,6,LC
caterpie,7,LC
caterpie,8,LC
butterfree,1,UU
butterfree,2,NU
butterfree,3,NU
butterfree,4,NU
butterfree,5,NU
butterfree,6,PU
butterfree,7,Untiered
butterfree,8,NU
weedle,1,LC
weedle,2,LC
weedle,3,LC
weedle,4,LC
weedle,5,LC
weedle,6,LC
weedle,7,LC
beedrill,1,UU
beedrill,2,NU
beedrill,3,NU
beedrill,4,NU
beedrill,5,NU
beedrill,6,PU
beedrill,7,Untiered
pidgey,1,LC
pidgey,2,LC
pidgey,3,LC
pidgey,4,LC
pidgey,5,LC
pidgey,6,LC
pidgey,7,LC
pidgeot,1,UU
pidgeot,2,NU
pidgeot,3,NU
pidgeot,4,NU
pidgeot,5,NU
pidgeot,6,PU
pidgeot,7,Untiered
rattata,1,LC
rattata,2,LC
rattata,3,LC
rattata,4,LC
rattata,5,LC
rattata,6,LC
rattata,7,LC
raticate,1,UU
raticate,2,NU
raticate,3,NU
raticate,4,NU
raticate,5,NU
raticate,6,PU
raticate,7,Untiered
spearow,1,LC
spearow,2,LC
spearow,3,LC
spearow,4,LC
spearow,5,LC
spearow,6,LC
spearow,7,LC
fearow,1,UU
fearow,2,NU
fearow,3,UU
fearow,4,NU
fearow,5,NU
fearow,6,PU
fearow,7,Untiered
ekans,1,LC
ekans,2,LC
ekans,3,LC
ekans,4,LC
ekans,5,LC
ekans,6,LC
ekans,7,LC
arbok,1,UU
arbok,2,NU
arbok,3,NU
arbok,4,NU
arbok,5,NU
arbok,6,PU
arbok,7,Untiered
pikachu,1,LC
pikachu,2,UU
pikachu,3,NU
pikachu,4,NU
pikachu,5,NU
raichu,1,UU
raichu,2,NUBL
raichu,3,UU
raichu,4,NU
raichu,5,NU
raichu,6,PU
raichu,7,Untiered
raichu,8,NU
sandshrew,1,LC
sandshrew,2,LC
sandshrew,3,LC
sandshrew,4,LC
sandshrew,5,LC
sandshrew,6,LC
sandshrew,7,LC
sandslash,1,UU
sandslash,2,UU
sandslash,3,UU
sandslash,4,NU
sandslash,5,RU
sandslash,6,NU
sandslash,7,Untiered
nidoran-f,1,LC
nidoran-f,2,LC
nidoran-f,3,LC
nidoran-f,4,LC
nidoran-f,5,LC
nidoran-f,6,LC
nidoran-f,7,LC
nidoqueen,1,UU
nidoqueen,2,UU
nidoqueen,3,UU
nidoqueen,4,NU
nidoqueen,5,UU
nidoqueen,6,UU
nidoqueen,7,RU
nidoran-m,1,LC
nidoran-m,2,LC
nidoran-m,3,LC
nidoran-m,4,LC
nidoran-m,5,LC
nidoran-m,6,LC
nidoran-m,7,LC
nidoking,1,UU
nidoking,2,OU
nidoking,3,UU
nidoking,4,UU
nidoking,5,UU
nidoking,6,UU
nidoking,7,UU
clefairy,1,LC
clefairy,6,PU
clefairy,7,PU
clefable,1,UU
clefable,2,UUBL
clefable,3,UU
clefable,4,UU
clefable,5,RU
clefable,6,OU
clefable,7,OU
clefable,8,OU
vulpix,1,LC
vulpix,2,LC
vulpix,3,LC
vulpix,4,LC
vulpix,6,LC
vulpix,8,LC
ninetales,1,UU
ninetales,2,NU
ninetales,3,UU
ninetales,4,NU
ninetales,5,OU
ninetales,6,PU
ninetales,7,RU
ninetales,8,RU
jigglypuff,1,LC
wigglytuff,1,UU
wigglytuff,2,NU
wigglytuff,3,NU
wigglytuff,4,NU
wigglytuff,5,NU
wigglytuff,6,PU
wigglytuff,7,Untiered
zubat,1,LC
zubat,2,LC
zubat,3,LC
zubat,4,LC
zubat,5,LC
zubat,6,LC
zubat,7,LC
golbat,1,UU
golbat,3,NU
golbat,4,NU
golbat,5,NU
golbat,6,RU
golbat,7,NU
oddish,1,LC
oddish,2,LC
oddish,3,LC
oddish,4,LC
oddish,5,LC
oddish,6,LC
oddish,7,LC
oddish,8,LC
vileplume,1,UU
vileplume,2,UU
vileplume,3,UU
vileplume,4,NU
vileplume,5,NU
vileplume,6,NU
vileplume,7,NUBL
vileplume,8,RU
paras,1,LC
paras,2,LC
paras,3,LC
paras,4,LC
paras,5,LC
paras,6,LC
paras,7,LC
parasect,1,UU
parasect,2,NU
parasect,3,NU
parasect,4,NU
parasect,5,NU
parasect,6,PU
parasect,7,Untiered
venonat,1,LC
venonat,2,LC
venonat,3,LC
venonat,4,LC
venonat,5,LC
venonat,6,LC
venonat,7,LC
venomoth,1,UU
venomoth,2,NU
venomoth,3,NU
venomoth,4,NU
venomoth,5,RUBL
venomoth,6,RUBL
venomoth,7,RUBL
diglett,1,LC
diglett,2,LC
diglett,3,NU
diglett,4,NU
diglett,5,LC
diglett,6,LC
diglett,7,LC
diglett,8,LC
dugtrio,1,UU
dugtrio,2,NU
dugtrio,3,OU
dugtrio,4,UU
dugtrio,5,OU
dugtrio,6,OU
dugtrio,7,Untiered
dugtrio,8,OU
meowth,1,LC
meowth,2,LC
meowth,3,LC
meowth,4,LC
meowth,5,LC
meowth,6,LC
meowth,7,LC
meowth,8,LC
persian,1,UU
persian,2,NU
persian,3,UU
persian,4,NU
persian,5,NU
persian,6,PU
persian,7,Untiered
persian,8,NU
psyduck,1,LC
psyduck,2,LC
psyduck,3,LC
psyduck,4,LC
psyduck,5,LC
psyduck,6,LC
psyduck,7,LC
golduck,1,UU
golduck,2,NUBL
golduck,3,UU
golduck,4,NU
golduck,5,NU
golduck,6,PU
golduck,7,Untiered
mankey,1,LC
mankey,2,LC
mankey,3,LC
mankey,4,LC
mankey,5,LC
mankey,6,LC
mankey,7,LC
primeape,1,UU
primeape,2,NU
primeape,3,UU
primeape,4,UU
primeape,5,NU
primeape,6,NU
primeape,7,PU
growlithe,1,LC
growlithe,2,LC
growlithe,3,LC
growlithe,4,LC
growlithe,5,LC
growlithe,6,LC
growlithe,7,LC
growlithe,8,LC
arcanine,1,UU
arcanine,2,UU
arcanine,3,UUBL
arcanine,4,UU
arcanine,5,UU
arcanine,6,UU
arcanine,7,RU
arcanine,8,UU
poliwag,1,LC
poliwag,2,LC
poliwag,3,LC
poliwag,4,LC
poliwag,5,LC
poliwag,6,LC
poliwag,7,LC
poliwrath,1,UU
poliwrath,2,NUBL
poliwrath,3,UU
poliwrath,4,NU
poliwrath,5,RU
poliwrath,6,NU
poliwrath,7,Untiered
abra,1,LC
abra,2,LC
abra,3,NU
abra,4,LC
abra,5,LC
abra,6,LC
abra,7,LC
kadabra,1,UU
kadabra,2,UU
kadabra,3,UUBL
kadabra,4,NU
kadabra,5,NU
kadabra,6,PU
alakazam,1,OU
alakazam,2,UUBL
alakazam,3,UUBL
alakazam,4,UU
alakazam,5,OU
alakazam,6,UUBL
alakazam,7,UUBL
machop,1,LC
machop,2,LC
machop,3,LC
machop,4,LC
machop,5,LC
machop,6,LC
machop,7,LC
machop,8,LC
machamp,1,UU
machamp,2,OU
machamp,3,UUBL
machamp,4,OU
machamp,5,UU
machamp,6,UU
machamp,7,RU
machamp,8,RU
bellsprout,1,LC
bellsprout,2,LC
bellsprout,3,LC
bellsprout,4,LC
bellsprout,5,LC
bellsprout,6,LC
bellsprout,7,LC
victreebel,1,OU
victreebel,2,UU
victreebel,3,UU
victreebel,4,NU
victreebel,5,NU
victreebel,6,PUBL
victreebel,7,PU
tentacool,1,LC
tentacool,2,LC
tentacool,3,LC
tentacool,4,LC
tentacool,5,LC
tentacool,6,LC
tentacool,7,LC
tentacruel,1,UU
tentacruel,2,UUBL
tentacruel,3,UU
tentacruel,4,OU
tentacruel,5,OU
tentacruel,6,UU
tentacruel,7,UU
geodude,1,LC
geodude,2,LC
geodude,3,LC
geodude,4,LC
geodude,5,LC
geodude,6,LC
geodude,7,LC
graveler,1,UU
graveler,3,NU
golem,1,UU
golem,2,OU
golem,3,UU
golem,4,NU
golem,5,NU
golem,6,PU
golem,7,Untiered
ponyta,1,LC
ponyta,2,LC
ponyta,3,LC
ponyta,4,LC
ponyta,5,LC
ponyta,6,LC
ponyta,7,LC
ponyta,8,Limbo
rapidash,1,UU
rapidash,2,NU
rapidash,3,UU
rapidash,4,NU
rapidash,5,NU
rapidash,6,PU
rapidash,7,Untiered
rapidash,8,Limbo
slowpoke,1,LC
slowpoke,2,LC
slowpoke,3,LC
slowpoke,4,LC
slowpoke,5,LC
slowpoke,6,LC
slowpoke,7,LC
slowpoke,8,Limbo
slowbro,1,OU
slowbro,2,UU
slowbro,3,UUBL
slowbro,4,UU
slowbro,5,UU
slowbro,6,OU
slowbro,7,RU
magnemite,1,LC
magnemite,2,LC
magnemite,3,LC
magnemite,4,LC
magnemite,5,LC
magnemite,6,LC
magnemite,7,LC
magneton,1,UU
magneton,2,UU
magneton,3,OU
magneton,4,NU
magneton,5,RU
magneton,6,RU
magneton,7,UU
farfetch'd,1,UU
farfetch'd,2,NU
farfetch'd,3,NU
farfetch'd,4,NU
farfetch'd,5,NU
farfetch'd,6,PU
farfetch'd,7,Untiered
farfetch'd,8,Limbo
doduo,1,LC
doduo,2,LC
doduo,3,LC
doduo,4,LC
doduo,5,LC
doduo,6,LC
doduo,7,LC
dodrio,1,UU
dodrio,2,UU
dodrio,3,UUBL
dodrio,4,NU
dodrio,5,NU
dodrio,6,PU
dodrio,7,PU
seel,1,LC
seel,2,LC
seel,3,LC
seel,4,LC
seel,5,LC
seel,6,LC
seel,7,LC
dewgong,1,UU
dewgong,2,NU
dewgong,3,NU
dewgong,4,NU
dewgong,5,NU
dewgong,6,PU
dewgong,7,Untiered
grimer,1,LC
grimer,2,LC
grimer,3,LC
grimer,4,LC
grimer,5,LC
grimer,6,LC
grimer,7,LC
muk,1,UU
muk,2,UUBL
muk,3,UU
muk,4,NU
muk,5,NU
muk,6,PU
muk,7,Untiered
shellder,1,LC
shellder,2,LC
shellder,3,LC
shellder,4,LC
shellder,5,LC
shellder,6,LC
shellder,7,LC
shellder,8,LC
cloyster,1,OU
cloyster,2,OU
cloyster,3,OU
cloyster,4,UU
cloyster,5,OU
cloyster,6,UU
cloyster,7,RU
cloyster,8,OU
gastly,1,LC
gastly,2,LC
gastly,3,LC
gastly,4,LC
gastly,5,LC
gastly,6,LC
gastly,7,LC
haunter,1,UU
haunter,2,UU
haunter,3,NU
haunter,4,NU
haunter,5,NU
haunter,6,NU
haunter,7,PU
gengar,1,OU
gengar,2,OU
gengar,3,OU
gengar,4,OU
gengar,5,OU
gengar,6,OU
gengar,7,UU
gengar,8,OU
onix,1,UU
onix,2,LC
onix,3,LC
onix,4,LC
onix,5,LC
onix,6,LC
onix,7,LC
onix,8,LC
drowzee,1,LC
drowzee,2,LC
drowzee,3,LC
drowzee,4,LC
drowzee,5,LC
drowzee,6,LC
drowzee,7,LC
hypno,1,UU
hypno,2,UU
hypno,3,UU
hypno,4,NU
hypno,5,NU
hypno,6,PU
hypno,7,Untiered
krabby,1,LC
krabby,2,LC
krabby,3,LC
krabby,4,LC
krabby,5,LC
krabby,6,LC
krabby,7,LC
krabby,8,LC
kingler,1,UU
kingler,2,NU
kingler,3,NU
kingler,4,NU
kingler,5,NU
kingler,6,PU
kingler,7,PUBL
kingler,8,NU
voltorb,1,LC
voltorb,2,LC
voltorb,3,LC
voltorb,4,LC
voltorb,5,LC
voltorb,6,LC
voltorb,7,LC
electrode,1,UU
electrode,2,UU
electrode,3,UU
electrode,4,NU
electrode,5,NU
electrode,6,PU
electrode,7,Untiered
exeggcute,1,LC
exeggcute,2,LC
exeggcute,3,LC
exeggcute,4,LC
exeggcute,5,LC
exeggcute,6,LC
exeggcute,7,LC
exeggutor,1,OU
exeggutor,2,OU
exeggutor,3,UUBL
exeggutor,4,UU
exeggutor,5,NU
exeggutor,6,PUBL
exeggutor,7,Untiered
cubone,1,LC
cubone,2,LC
cubone,3,LC
cubone,4,LC
cubone,5,LC
cubone,6,LC
cubone,7,LC
marowak,1,UU
marowak,2,OU
marowak,3,UUBL
marowak,4,NU
marowak,5,NU
marowak,6,PU
marowak,7,Untiered
hitmonlee,1,UU
hitmonlee,2,NU
hitmonlee,3,UU
hitmonlee,4,UU
hitmonlee,5,RU
hitmonlee,6,RU
hitmonlee,7,NU
hitmonlee,8,RU
hitmonchan,1,UU
hitmonchan,2,NU
hitmonchan,3,NU
hitmonchan,4,NU
hitmonchan,5,RU
hitmonchan,6,NU
hitmonchan,7,PU
hitmonchan,8,NU
lickitung,1,UU
lickitung,2,NU
lickitung,3,NU
lickitung,4,LC
lickitung,5,LC
lickitung,6,LC
lickitung,7,LC
koffing,1,LC
koffing,2,LC
koffing,3,LC
koffing,4,LC
koffing,5,LC
koffing,6,LC
koffing,7,LC
koffing,8,LC
weezing,1,UU
weezing,2,NU
weezing,3,UUBL
weezing,4,UU
weezing,5,NU
weezing,6,NU
weezing,7,NU
weezing,8,Limbo
rhyhorn,1,LC
rhyhorn,2,LC
rhyhorn,3,LC
rhyhorn,4,LC
rhyhorn,5,LC
rhyhorn,6,LC
rhyhorn,7,LC
rhyhorn,8,LC
rhydon,1,OU
rhydon,2,OU
rhydon,3,UUBL
rhydon,5,RU
rhydon,6,NU
rhydon,7,NU
chansey,1,OU
chansey,2,UU
chansey,3,UUBL
chansey,4,UU
chansey,5,UUBL
chansey,6,OU
chansey,7,OU
tangela,1,UU
tangela,2,NU
tangela,3,NU
tangela,4,NU
tangela,5,NU
tangela,6,PU
tangela,7,PU
kangaskhan,1,UU
kangaskhan,2,UUBL
kangaskhan,3,UU
kangaskhan,4,UU
kangaskhan,5,NU
kangaskhan,6,NU
kangaskhan,7,PU
horsea,1,LC
horsea,2,LC
horsea,3,LC
horsea,4,LC
horsea,5,LC
horsea,6,LC
horsea,7,LC
seadra,1,UU
seadra,3,NU
seadra,5,NU
goldeen,1,LC
goldeen,2,LC
goldeen,3,LC
goldeen,4,LC
goldeen,5,LC
goldeen,6,LC
goldeen,7,LC
goldeen,8,LC
seaking,1,UU
seaking,2,NU
seaking,3,NU
seaking,4,NU
seaking,5,NU
seaking,6,PU
seaking,7,Untiered
seaking,8,NU
staryu,1,LC
staryu,2,LC
staryu,3,LC
staryu,4,LC
staryu,5,LC
staryu,6,LC
staryu,7,LC
starmie,1,OU
starmie,2,OU
starmie,3,OU
starmie,4,OU
starmie,5,OU
starmie,6,OU
starmie,7,UU
mr-mime,1,UU
mr-mime,2,UU
mr-mime,3,UU
mr-mime,4,NU
mr-mime,5,NU
mr-mime,6,PU
mr-mime,7,Untiered
mr-mime,8,NU
scyther,1,UU
scyther,2,UU
scyther,3,UU
scyther,4,UU
scyther,5,RU
scyther,6,NU
scyther,7,PU
jynx,1,OU
jynx,2,OU
jynx,3,UUBL
jynx,4,NU
jynx,5,NUBL
jynx,6,NU
jynx,7,Untiered
electabuzz,1,UU
electabuzz,2,UU
electabuzz,3,UU
electabuzz,4,NU
electabuzz,5,NU
magmar,1,UU
magmar,2,NU
magmar,3,UU
pinsir,1,UU
pinsir,2,UU
pinsir,3,UU
pinsir,4,NU
pinsir,5,NU
pinsir,6,NU
pinsir,7,Untiered
tauros,1,OU
tauros,2,UUBL
tauros,3,UUBL
tauros,4,NU
tauros,5,NU
tauros,6,NU
tauros,7,PUBL
magikarp,1,LC
magikarp,2,LC
magikarp,3,LC
magikarp,4,LC
magikarp,5,LC
magikarp,6,LC
magikarp,7,LC
magikarp,8,LC
gyarados,1,UU
gyarados,2,UU
gyarados,3,OU
gyarados,4,OU
gyarados,5,OU
gyarados,6,UU
gyarados,7,UUBL
gyarados,8,OU
lapras,1,OU
lapras,2,UUBL
lapras,3,UUBL
lapras,4,NU
lapras,5,NU
lapras,6,PU
lapras,7,Untiered
lapras,8,NU
ditto,1,UU
ditto,2,NU
ditto,3,NU
ditto,4,NU
ditto,5,NU
ditto,6,PU
ditto,7,Untiered
ditto,8,OU
eevee,1,LC
eevee,2,LC
eevee,3,LC
eevee,4,LC
eevee,5,LC
eevee,6,LC
eevee,7,LC
eevee,8,LC
vaporeon,1,UU
vaporeon,2,OU
vaporeon,3,UUBL
vaporeon,4,OU
vaporeon,5,OU
vaporeon,6,UU
vaporeon,7,NU
vaporeon,8,UU
jolteon,1,OU
jolteon,2,UUBL
jolteon,3,OU
jolteon,4,OU
jolteon,5,OU
jolteon,6,RU
jolteon,7,RU
jolteon,8,NU
flareon,1,UU
flareon,2,NU
flareon,3,NU
flareon,4,NU
flareon,5,NU
flareon,6,PU
flareon,7,Untiered
flareon,8,NU
porygon,1,UU
porygon,2,LC
porygon,3,LC
porygon,4,LC
porygon,5,LC
porygon,6,LC
omanyte,1,LC
omanyte,2,LC
omanyte,3,LC
omanyte,4,LC
omanyte,5,LC
omanyte,6,LC
omanyte,7,LC
omastar,1,UU
omastar,2,UU
omastar,3,UU
omastar,4,UU
omastar,5,RU
omastar,6,NU
omastar,7,PU
kabuto,1,LC
kabuto,2,LC
kabuto,3,LC
kabuto,4,LC
kabuto,5,LC
kabuto,6,LC
kabuto,7,LC
kabutops,1,UU
kabutops,2,UU
kabutops,3,UU
kabutops,4,UU
kabutops,5,RU
kabutops,6,NU
kabutops,7,PU
aerodactyl,1,UU
aerodactyl,2,UUBL
aerodactyl,3,OU
aerodactyl,4,OU
aerodactyl,5,RU
aerodactyl,6,RU
aerodactyl,7,NU
snorlax,1,OU
snorlax,2,OU
snorlax,3,OU
snorlax,4,OU
snorlax,5,UU
snorlax,6,UU
snorlax,7,RU
snorlax,8,RU
articuno,1,UU
articuno,2,UUBL
articuno,3,UUBL
articuno,4,NU
articuno,5,NU
articuno,6,PU
articuno,7,PU
zapdos,1,OU
zapdos,2,OU
zapdos,3,OU
zapdos,4,OU
zapdos,5,UU
zapdos,6,OU
zapdos,7,OU
moltres,1,UU
moltres,2,UUBL
moltres,3,OU
moltres,4,UU
moltres,5,RU
moltres,6,RUBL
moltres,7,UU
dratini,1,LC
dratini,2,LC
dratini,3,LC
dratini,4,LC
dratini,5,LC
dratini,6,LC
dratini,7,LC
dragonite,1,UU
dragonite,2,UUBL
dragonite,3,UUBL
dragonite,4,OU
dragonite,5,OU
dragonite,6,OU
dragonite,7,UUBL
mewtwo,1,Uber
mewtwo,2,Uber
mewtwo,3,Uber
mewtwo,4,Uber
mewtwo,5,Uber
mewtwo,6,Uber
mewtwo,7,Uber
mewtwo,8,Limbo
mew,1,Uber
mew,2,Uber
mew,3,Uber
mew,4,Uber
mew,5,UU
mew,6,OU
mew,7,UU
mew,8,OU
chikorita,2,LC
chikorita,3,LC
chikorita,4,LC
chikorita,5,LC
chikorita,6,LC
chikorita,7,LC
meganium,2,UUBL
meganium,3,UU
meganium,4,NU
meganium,5,NU
meganium,6,PU
meganium,7,Untiered
cyndaquil,2,LC
cyndaquil,3,LC
cyndaquil,4,LC
cyndaquil,5,LC
cyndaquil,6,LC
cyndaquil,7,LC
typhlosion,2,UUBL
typhlosion,3,UUBL
typhlosion,4,NU
typhlosion,5,RU
typhlosion,6,RU
typhlosion,7,NU
totodile,2,LC
totodile,3,LC
totodile,4,LC
totodile,5,LC
totodile,6,LC
totodile,7,LC
feraligatr,2,NUBL
feraligatr,3,UU
feraligatr,4,UU
feraligatr,5,RU
feraligatr,6,UU
feraligatr,7,UU
igglybuff,2,LC
igglybuff,3,LC
igglybuff,4,LC
igglybuff,5,LC
igglybuff,6,LC
igglybuff,7,LC
togepi,2,LC
togepi,3,LC
togepi,4,LC
togepi,5,LC
togepi,6,LC
togepi,7,LC
togepi,8,LC
togetic,2,NU
togetic,3,NU
togetic,4,NU
togetic,5,NU
togetic,6,RU
cleffa,2,LC
cleffa,3,LC
cleffa,4,LC
cleffa,5,LC
cleffa,6,LC
cleffa,7,LC
cleffa,8,LC
ampharos,2,UU
ampharos,3,UU
ampharos,4,NU
ampharos,5,NU
ampharos,6,PU
ampharos,7,Untiered
bellossom,2,UU
bellossom,3,NU
bellossom,4,NU
bellossom,5,NU
bellossom,6,PU
bellossom,7,Untiered
bellossom,8,NU
marill,2,LC
azumarill,2,NU
azumarill,3,UU
azumarill,4,UU
azumarill,5,UU
azumarill,6,OU
azumarill,7,OU
jumpluff,2,UU
jumpluff,3,UUBL
jumpluff,4,NU
jumpluff,5,NU
jumpluff,6,PU
jumpluff,7,Untiered
snubbull,2,LC
snubbull,3,LC
snubbull,4,LC
snubbull,5,LC
snubbull,6,LC
snubbull,7,LC
granbull,2,UU
granbull,3,UU
granbull,4,NU
granbull,5,NU
granbull,6,RU
granbull,7,Untiered
raikou,2,OU
raikou,3,UUBL
raikou,4,UUBL
raikou,5,UU
raikou,6,OU
raikou,7,RU
entei,2,UUBL
entei,3,UUBL
entei,4,NUBL
entei,5,RU
entei,6,UU
entei,7,RUBL
suicune,2,OU
suicune,3,OU
suicune,4,OU
suicune,5,UU
suicune,6,UU
suicune,7,UU
noctowl,2,NU
noctowl,3,NU
noctowl,4,NU
noctowl,5,NU
noctowl,6,PU
noctowl,7,Untiered
noctowl,8,NU
ariados,2,NU
ariados,3,NU
ariados,4,NU
ariados,5,NU
ariados,6,PU
ariados,7,Untiered
qwilfish,2,UU
qwilfish,3,UU
qwilfish,4,UU
qwilfish,5,RU
qwilfish,6,RU
qwilfish,7,PU
qwilfish,8,NU
magcargo,2,NU
magcargo,3,NU
magcargo,4,NU
magcargo,5,NU
magcargo,6,PU
magcargo,7,Untiered
corsola,2,NU
corsola,3,NU
corsola,4,NU
corsola,5,NU
corsola,6,PU
corsola,7,Untiered
corsola,8,Limbo
mantine,2,NU
mantine,3,UU
mantine,4,NU
mantine,5,NU
mantine,6,NU
mantine,7,RU
mantine,8,NU
sentret,2,LC
sentret,3,LC
sentret,4,LC
sentret,5,LC
sentret,6,LC
sentret,7,LC
furret,2,NU
furret,3,NU
furret,4,NU
furret,5,NU
furret,6,PU
furret,7,Untiered
hoothoot,2,LC
hoothoot,3,LC
hoothoot,4,LC
hoothoot,5,LC
hoothoot,6,LC
hoothoot,7,LC
hoothoot,8,LC
ledyba,2,LC
ledyba,3,LC
ledyba,4,LC
ledyba,5,LC
ledyba,6,LC
ledyba,7,LC
ledian,2,NU
ledian,3,NU
ledian,4,NU
ledian,5,NU
ledian,6,PU
ledian,7,Untiered
spinarak,2,LC
spinarak,3,LC
spinarak,4,LC
spinarak,5,LC
spinarak,6,LC
spinarak,7,LC
crobat,2,UU
crobat,3,UUBL
crobat,4,UUBL
crobat,5,UU
crobat,6,UU
crobat,7,UU
chinchou,2,LC
chinchou,3,LC
chinchou,4,LC
chinchou,5,LC
chinchou,6,LC
chinchou,7,LC
chinchou,8,LC
lanturn,2,UU
lanturn,3,UU
lanturn,4,UU
lanturn,5,RU
lanturn,6,NU
lanturn,7,PU
lanturn,8,NU
pichu,2,LC
pichu,3,LC
pichu,4,LC
pichu,5,LC
pichu,6,LC
pichu,7,LC
pichu,8,LC
natu,2,LC
natu,3,LC
natu,4,LC
natu,5,NU
natu,6,LC
natu,7,LC
natu,8,LC
xatu,2,NU
xatu,3,UU
xatu,4,NU
xatu,5,UU
xatu,6,NU
xatu,7,NU
xatu,8,RU
mareep,2,LC
mareep,3,LC
mareep,4,LC
mareep,5,LC
mareep,6,LC
mareep,7,LC
sudowoodo,2,NU
sudowoodo,3,NU
sudowoodo,4,NU
sudowoodo,5,NU
sudowoodo,6,PU
sudowoodo,7,Untiered
sudowoodo,8,NU
politoed,2,UU
politoed,3,UU
politoed,4,NU
politoed,5,OU
politoed,6,PU
politoed,7,Untiered
hoppip,2,LC
hoppip,3,LC
hoppip,4,LC
hoppip,5,LC
hoppip,6,LC
hoppip,7,LC
aipom,2,NU
aipom,3,NU
aipom,4,LC
aipom,5,LC
aipom,6,LC
sunkern,2,LC
sunkern,3,LC
sunkern,4,LC
sunkern,5,LC
sunkern,6,LC
sunkern,7,LC
sunflora,2,NU
sunflora,3,NU
sunflora,4,NU
sunflora,5,NU
sunflora,6,PU
sunflora,7,Untiered
yanma,2,NU
yanma,3,NU
yanma,4,NU
wooper,2,LC
wooper,3,LC
wooper,4,LC
wooper,5,LC
wooper,6,LC
wooper,7,LC
wooper,8,LC
quagsire,2,UU
quagsire,3,UU
quagsire,4,NU
quagsire,5,RU
quagsire,6,PUBL
quagsire,7,UU
quagsire,8,RU
espeon,2,UUBL
espeon,3,UUBL
espeon,4,NUBL
espeon,5,OU
espeon,6,UU
espeon,7,RU
espeon,8,UU
umbreon,2,OU
umbreon,3,UUBL
umbreon,4,OU
umbreon,5,UU
umbreon,6,UU
umbreon,7,RU
umbreon,8,UU
murkrow,2,NU
murkrow,3,NU
murkrow,4,NU
murkrow,5,NU
slowking,2,UU
slowking,3,UU
slowking,4,NU
slowking,5,RU
slowking,6,RU
slowking,7,NU
misdreavus,2,OU
misdreavus,3,UU
misdreavus,4,NU
misdreavus,5,NU
misdreavus,6,PU
unown,2,NU
unown,3,NU
unown,4,NU
unown,5,NU
unown,6,PU
unown,7,Untiered
wobbuffet,2,NU
wobbuffet,3,Uber
wobbuffet,4,Uber
wobbuffet,5,UUBL
wobbuffet,6,PU
wobbuffet,7,Untiered
wobbuffet,8,NU
girafarig,2,UU
girafarig,3,UU
girafarig,4,NU
girafarig,5,NU
girafarig,6,PU
girafarig,7,Untiered
pineco,2,LC
pineco,3,LC
pineco,4,LC
pineco,5,LC
pineco,6,LC
pineco,7,LC
forretress,2,OU
forretress,3,OU
forretress,4,OU
forretress,5,OU
forretress,6,UU
forretress,7,RU
dunsparce,2,NU
dunsparce,3,NU
dunsparce,4,NU
dunsparce,5,NU
dunsparce,6,PU
dunsparce,7,Untiered
gligar,2,UU
gligar,3,UU
gligar,4,NU
gligar,5,UU
gligar,6,UU
gligar,7,UU
steelix,2,OU
steelix,3,UUBL
steelix,4,UU
steelix,5,RU
steelix,6,NU
steelix,7,NU
steelix,8,RU
scizor,2,UUBL
scizor,3,UUBL
scizor,4,OU
scizor,5,OU
scizor,6,OU
scizor,7,UU
shuckle,2,NU
shuckle,3,NU
shuckle,4,NU
shuckle,5,NU
shuckle,6,RUBL
shuckle,7,Untiered
shuckle,8,NU
heracross,2,OU
heracross,3,OU
heracross,4,UUBL
heracross,5,UU
heracross,6,UU
heracross,7,RUBL
sneasel,2,NU
sneasel,3,UU
sneasel,4,NU
sneasel,5,NU
sneasel,6,RU
sneasel,7,NU
teddiursa,2,LC
teddiursa,3,LC
teddiursa,4,LC
teddiursa,5,LC
teddiursa,6,LC
teddiursa,7,LC
ursaring,2,UUBL
ursaring,3,UUBL
ursaring,4,UU
ursaring,5,NU
ursaring,6,PU
ursaring,7,Untiered
slugma,2,LC
slugma,3,LC
slugma,4,LC
slugma,5,LC
slugma,6,LC
slugma,7,LC
swinub,2,LC
swinub,3,LC
swinub,4,LC
swinub,5,LC
swinub,6,LC
swinub,7,LC
swinub,8,LC
piloswine,2,UU
piloswine,3,NU
piloswine,4,NU
piloswine,5,NU
piloswine,6,NU
piloswine,7,NU
remoraid,2,LC
remoraid,3,LC
remoraid,4,LC
remoraid,5,LC
remoraid,6,LC
remoraid,7,LC
remoraid,8,LC
octillery,2,NU
octillery,3,NU
octillery,4,NU
octillery,5,NU
octillery,6,PU
octillery,7,Untiered
octillery,8,NU
delibird,2,NU
delibird,3,NU
delibird,4,NU
delibird,5,NU
delibird,6,PU
delibird,7,Untiered
delibird,8,NU
skarmory,2,OU
skarmory,3,OU
skarmory,4,OU
skarmory,5,OU
skarmory,6,OU
skarmory,7,OU
houndour,2,LC
houndour,3,LC
houndour,4,LC
houndour,5,LC
houndour,6,LC
houndour,7,LC
houndoom,2,UUBL
houndoom,3,UUBL
houndoom,4,UU
houndoom,5,UU
houndoom,6,RU
houndoom,7,PUBL
kingdra,2,UUBL
kingdra,3,UUBL
kingdra,4,OU
kingdra,5,UU
kingdra,6,RUBL
kingdra,7,NUBL
phanpy,2,LC
phanpy,3,LC
phanpy,4,LC
phanpy,5,LC
phanpy,6,LC
phanpy,7,LC
donphan,2,UUBL
donphan,3,UUBL
donphan,4,UU
donphan,5,OU
donphan,6,UU
donphan,7,RU
porygon2,2,UUBL
porygon2,3,OU
porygon2,4,NU
porygon2,5,UU
porygon2,6,UU
porygon2,7,RU
stantler,2,NU
stantler,3,UU
stantler,4,NU
stantler,5,NU
stantler,6,PU
stantler,7,Untiered
smeargle,2,UUBL
smeargle,3,UUBL
smeargle,4,OU
smeargle,5,RU
smeargle,6,PU
smeargle,7,Untiered
tyrogue,2,LC
tyrogue,3,LC
tyrogue,4,LC
tyrogue,5,LC
tyrogue,6,LC
tyrogue,7,LC
tyrogue,8,LC
hitmontop,2,NU
hitmontop,3,UU
hitmontop,4,UU
hitmontop,5,UU
hitmontop,6,RU
hitmontop,7,NU
hitmontop,8,NU
smoochum,2,LC
smoochum,3,LC
smoochum,4,LC
smoochum,5,LC
smoochum,6,LC
smoochum,7,LC
elekid,2,LC
elekid,3,LC
elekid,4,LC
elekid,5,LC
elekid,6,LC
elekid,7,LC
magby,2,LC
magby,3,NU
magby,4,LC
magby,5,LC
magby,6,LC
magby,7,LC
miltank,2,OU
miltank,3,UUBL
miltank,4,UU
miltank,5,NU
miltank,6,NU
miltank,7,NU
blissey,2,OU
blissey,3,OU
blissey,4,OU
blissey,5,OU
blissey,6,UU
blissey,7,UU
larvitar,2,LC
larvitar,3,LC
larvitar,4,LC
larvitar,5,LC
larvitar,6,LC
larvitar,7,LC
larvitar,8,LC
tyranitar,2,OU
tyranitar,3,OU
tyranitar,4,OU
tyranitar,5,OU
tyranitar,6,OU
tyranitar,7,OU
tyranitar,8,OU
lugia,2,Uber
lugia,3,Uber
lugia,4,Uber
lugia,5,Uber
lugia,6,Uber
lugia,7,Uber
ho-oh,2,Uber
ho-oh,3,Uber
ho-oh,4,Uber
ho-oh,5,Uber
ho-oh,6,Uber
ho-oh,7,Uber
celebi,2,Uber
celebi,3,OU
celebi,4,OU
celebi,5,OU
celebi,6,UU
celebi,7,UU
celebi,8,Limbo
pupitar,3,NU
milotic,3,OU
milotic,4,UU
milotic,5,UU
milotic,6,UU
milotic,7,RU
milotic,8,UU
beautifly,3,NU
beautifly,4,NU
beautifly,5,NU
beautifly,6,PU
beautifly,7,Untiered
ralts,3,LC
ralts,4,LC
ralts,5,LC
ralts,6,LC
ralts,7,LC
ralts,8,LC
gardevoir,3,UUBL
gardevoir,4,NU
gardevoir,5,NU
gardevoir,6,UU
gardevoir,7,RU
gardevoir,8,UU
exploud,3,UU
exploud,4,NU
exploud,5,NU
exploud,6,RU
exploud,7,NUBL
azurill,3,LC
azurill,4,LC
azurill,5,LC
azurill,6,LC
azurill,7,LC
mawile,3,NU
mawile,4,NU
mawile,5,NU
mawile,6,PU
mawile,7,Untiered
mawile,8,NU
plusle,3,NU
plusle,4,NU
plusle,5,NU
plusle,6,PU
plusle,7,Untiered
minun,3,NU
minun,4,NU
minun,5,NU
minun,6,PU
minun,7,Untiered
kecleon,3,NU
kecleon,4,NU
kecleon,5,NU
kecleon,6,NU
kecleon,7,Untiered
duskull,3,LC
duskull,4,LC
duskull,5,LC
duskull,6,LC
duskull,7,LC
duskull,8,LC
dusclops,3,UUBL
dusclops,4,NU
dusclops,5,UU
regirock,3,UUBL
regirock,4,NU
regirock,5,NU
regirock,6,NU
regirock,7,PU
regice,3,OU
regice,4,NU
regice,5,NU
regice,6,PU
regice,7,Untiered
registeel,3,UUBL
registeel,4,UU
registeel,5,UU
registeel,6,RU
registeel,7,RU
swellow,3,UUBL
swellow,4,UU
swellow,5,NU
swellow,6,NU
swellow,7,RU
wingull,3,LC
wingull,4,LC
wingull,5,LC
wingull,6,LC
wingull,8,LC
pelipper,3,NU
pelipper,4,NU
pelipper,5,NU
pelipper,6,PU
pelipper,7,OU
pelipper,8,OU
masquerain,3,NU
masquerain,4,NU
masquerain,5,NU
masquerain,6,PU
masquerain,7,Untiered
delcatty,3,NU
delcatty,4,NU
delcatty,5,NU
delcatty,6,PU
delcatty,7,Untiered
volbeat,3,NU
volbeat,4,NU
volbeat,5,NU
volbeat,6,PU
volbeat,7,Untiered
illumise,3,NU
illumise,4,NU
illumise,5,NU
illumise,6,PU
illumise,7,Untiered
torkoal,3,NU
torkoal,4,NU
torkoal,5,NU
torkoal,6,PU
torkoal,7,Untiered
torkoal,8,RU
lunatone,3,UU
lunatone,4,NU
lunatone,5,NU
lunatone,6,PU
lunatone,7,Untiered
lunatone,8,NU
solrock,3,UU
solrock,4,NU
solrock,5,NU
solrock,6,PU
solrock,7,Untiered
solrock,8,NU
castform,3,NU
castform,4,NU
castform,5,NU
castform,6,PU
castform,7,Untiered
chimecho,3,NU
chimecho,4,NU
chimecho,5,NU
chimecho,6,PU
chimecho,7,Untiered
trapinch,3,LC
trapinch,4,LC
trapinch,5,LC
trapinch,6,LC
trapinch,8,LC
flygon,3,OU
flygon,4,OU
flygon,5,UU
flygon,6,RU
flygon,7,RU
flygon,8,UU
treecko,3,LC
treecko,4,LC
treecko,5,LC
treecko,6,LC
treecko,7,LC
sceptile,3,UUBL
sceptile,4,UU
sceptile,5,RU
sceptile,6,NUBL
sceptile,7,NU
torchic,3,LC
torchic,4,LC
torchic,5,LC
torchic,6,LC
torchic,7,LC
blaziken,3,UUBL
blaziken,4,UU
blaziken,5,Uber
blaziken,6,Uber
blaziken,7,Uber
mudkip,3,LC
mudkip,4,LC
mudkip,5,LC
mudkip,6,LC
mudkip,7,LC
swampert,3,OU
swampert,4,OU
swampert,5,UU
swampert,6,UU
swampert,7,UU
poochyena,3,LC
poochyena,4,LC
poochyena,5,LC
poochyena,6,LC
poochyena,7,LC
mightyena,3,NU
mightyena,4,NU
mightyena,5,NU
mightyena,6,PU
mightyena,7,Untiered
zigzagoon,3,LC
zigzagoon,4,LC
zigzagoon,5,LC
zigzagoon,6,LC
zigzagoon,7,LC
zigzagoon,8,Limbo
linoone,3,UU
linoone,4,NU
linoone,5,NU
linoone,6,PUBL
linoone,7,RUBL
linoone,8,Limbo
wurmple,3,LC
wurmple,4,LC
wurmple,5,LC
wurmple,6,LC
wurmple,7,LC
dustox,3,NU
dustox,4,NU
dustox,5,NU
dustox,6,PU
dustox,7,Untiered
lotad,3,LC
lotad,4,LC
lotad,5,LC
lotad,6,LC
lotad,7,LC
lotad,8,LC
ludicolo,3,UUBL
ludicolo,4,UU
ludicolo,5,NU
ludicolo,6,NU
ludicolo,7,PU
ludicolo,8,NU
seedot,3,LC
seedot,4,LC
seedot,5,LC
seedot,6,LC
seedot,7,LC
seedot,8,LC
shiftry,3,UU
shiftry,4,NU
shiftry,5,NU
shiftry,6,NU
shiftry,7,Untiered
shiftry,8,RU
taillow,3,LC
taillow,4,LC
taillow,5,LC
taillow,6,LC
taillow,7,LC
surskit,3,LC
surskit,4,LC
surskit,5,LC
surskit,6,LC
surskit,7,LC
shroomish,3,LC
shroomish,4,LC
shroomish,5,LC
shroomish,6,LC
shroomish,7,LC
breloom,3,UUBL
breloom,4,OU
breloom,5,OU
breloom,6,OU
breloom,7,UUBL
slakoth,3,LC
slakoth,4,LC
slakoth,5,LC
slakoth,6,LC
slakoth,7,LC
vigoroth,3,NU
vigoroth,4,NU
vigoroth,5,NU
vigoroth,6,PUBL
slaking,3,UUBL
slaking,4,NU
slaking,5,NU
slaking,6,PU
slaking,7,Untiered
nincada,3,LC
nincada,4,LC
nincada,5,LC
nincada,6,LC
nincada,7,LC
nincada,8,LC
ninjask,3,UUBL
ninjask,4,OU
ninjask,5,NU
ninjask,6,PU
ninjask,7,Untiered
ninjask,8,NU
shedinja,3,NU
shedinja,4,NU
shedinja,5,NU
shedinja,6,PU
shedinja,7,Untiered
shedinja,8,NU
whismur,3,LC
whismur,4,LC
whismur,5,LC
whismur,6,LC
whismur,7,LC
makuhita,3,LC
makuhita,4,LC
makuhita,5,LC
makuhita,6,LC
makuhita,7,LC
hariyama,3,UUBL
hariyama,4,UU
hariyama,5,RU
hariyama,6,NU
hariyama,7,NU
nosepass,3,NU
nosepass,4,LC
nosepass,5,LC
nosepass,6,LC
nosepass,7,LC
skitty,3,LC
skitty,4,LC
skitty,5,LC
skitty,6,LC
skitty,7,LC
sableye,3,NU
sableye,4,NU
sableye,5,UU
sableye,6,RUBL
sableye,7,PU
sableye,8,RU
aron,3,LC
aron,4,LC
aron,5,LC
aron,6,LC
aron,7,LC
aggron,3,UU
aggron,4,UU
aggron,5,RU
aggron,6,NU
aggron,7,PU
meditite,3,LC
medicham,3,UUBL
medicham,4,NU
medicham,5,RU
medicham,6,RU
medicham,7,NU
electrike,3,LC
electrike,4,LC
electrike,5,LC
electrike,6,LC
electrike,7,LC
electrike,8,LC
manectric,3,UU
manectric,4,NU
manectric,5,RU
manectric,6,NU
manectric,7,PU
manectric,8,NU
roselia,3,NU
roselia,4,NU
roselia,5,NU
roselia,6,PU
roselia,7,PU
gulpin,3,LC
gulpin,4,LC
gulpin,5,LC
gulpin,6,LC
gulpin,7,LC
swalot,3,NU
swalot,4,NU
swalot,5,NU
swalot,6,PU
swalot,7,Untiered
carvanha,3,LC
carvanha,4,LC
carvanha,5,LC
carvanha,6,LC
carvanha,7,LC
sharpedo,3,UU
sharpedo,4,NU
sharpedo,5,UU
sharpedo,6,RUBL
sharpedo,7,RUBL
wailmer,3,LC
wailmer,4,LC
wailmer,5,LC
wailmer,6,LC
wailmer,7,LC
wailmer,8,LC
wailord,3,NU
wailord,4,NU
wailord,5,NU
wailord,6,PU
wailord,7,Untiered
wailord,8,NU
numel,3,LC
numel,4,LC
numel,5,LC
numel,6,LC
numel,7,LC
camerupt,3,UU
camerupt,4,NU
camerupt,5,NU
camerupt,6,PU
camerupt,7,Untiered
spoink,3,LC
spoink,4,LC
spoink,5,LC
spoink,6,LC
spoink,7,LC
grumpig,3,UU
grumpig,4,NU
grumpig,5,NU
grumpig,6,PU
grumpig,7,Untiered
spinda,3,NU
spinda,4,NU
spinda,5,NU
spinda,6,PU
spinda,7,Untiered
cacnea,3,LC
cacnea,4,LC
cacnea,5,LC
cacnea,6,LC
cacnea,7,LC
cacturne,3,NU
cacturne,4,NU
cacturne,5,NU
cacturne,6,PU
cacturne,7,Untiered
swablu,3,LC
swablu,4,LC
swablu,5,LC
swablu,6,LC
swablu,7,LC
altaria,3,UU
altaria,4,UU
altaria,5,NU
altaria,6,PU
altaria,7,Untiered
zangoose,3,UUBL
zangoose,4,NU
zangoose,5,NU
zangoose,6,NU
zangoose,7,PU
seviper,3,NU
seviper,4,NU
seviper,5,NU
seviper,6,PU
seviper,7,Untiered
barboach,3,LC
barboach,4,LC
barboach,5,LC
barboach,6,LC
barboach,7,LC
barboach,8,LC
whiscash,3,NU
whiscash,4,NU
whiscash,5,NU
whiscash,6,PU
whiscash,7,Untiered
whiscash,8,NU
corphish,3,LC
corphish,4,LC
corphish,5,LC
corphish,6,LC
corphish,7,LC
corphish,8,LC
crawdaunt,3,NU
crawdaunt,4,NU
crawdaunt,5,RU
crawdaunt,6,UU
crawdaunt,7,UU
crawdaunt,8,OU
baltoy,3,LC
baltoy,4,LC
baltoy,5,LC
baltoy,6,LC
baltoy,7,LC
baltoy,8,LC
claydol,3,OU
claydol,4,UU
claydol,5,UU
claydol,6,NU
claydol,7,PU
claydol,8,UU
lileep,3,LC
lileep,4,LC
lileep,5,LC
lileep,6,LC
lileep,7,LC
cradily,3,UU
cradily,4,NU
cradily,5,NU
cradily,6,NU
cradily,7,Untiered
anorith,3,LC
anorith,4,LC
anorith,5,LC
anorith,6,LC
anorith,7,LC
armaldo,3,UUBL
armaldo,4,NU
armaldo,5,NU
armaldo,6,PU
armaldo,7,Untiered
feebas,3,LC
feebas,4,LC
feebas,5,LC
feebas,6,LC
feebas,7,LC
feebas,8,LC
shuppet,3,LC
shuppet,4,LC
shuppet,5,LC
shuppet,6,LC
shuppet,7,LC
banette,3,UU
banette,4,NU
banette,5,NU
banette,6,PU
banette,7,Untiered
tropius,3,NU
tropius,4,NU
tropius,5,NU
tropius,6,PU
tropius,7,Untiered
absol,3,UU
absol,4,UU
absol,5,RU
absol,6,RU
absol,7,PU
wynaut,3,Uber
wynaut,4,Uber
wynaut,5,LC
wynaut,6,LC
wynaut,7,LC
wynaut,8,LC
snorunt,3,LC
snorunt,4,LC
snorunt,5,LC
snorunt,6,LC
snorunt,7,LC
snorunt,8,LC
glalie,3,NU
glalie,4,NU
glalie,5,NU
glalie,6,PU
glalie,7,Untiered
glalie,8,NU
spheal,3,LC
spheal,4,LC
spheal,5,LC
spheal,6,LC
spheal,7,LC
walrein,3,UU
walrein,4,NU
walrein,5,NU
walrein,6,PU
walrein,7,Untiered
clamperl,3,LC
clamperl,4,NU
clamperl,5,LC
clamperl,6,LC
clamperl,7,LC
huntail,3,NU
huntail,4,NU
huntail,5,NU
huntail,6,PU
huntail,7,Untiered
gorebyss,3,UU
gorebyss,4,NU
gorebyss,5,NU
gorebyss,6,PU
gorebyss,7,Untiered
relicanth,3,NU
relicanth,4,NU
relicanth,5,NU
relicanth,6,PU
relicanth,7,Untiered
luvdisc,3,NU
luvdisc,4,NU
luvdisc,5,NU
luvdisc,6,PU
luvdisc,7,Untiered
bagon,3,LC
bagon,4,LC
bagon,5,LC
bagon,6,LC
bagon,7,LC
shelgon,3,NU
shelgon,4,NU
shelgon,5,NU
salamence,3,OU
salamence,4,Uber
salamence,5,OU
salamence,6,UUBL
salamence,7,UUBL
beldum,3,LC
beldum,4,LC
beldum,5,LC
beldum,6,LC
beldum,7,LC
metang,3,NU
metang,4,NU
metang,5,NU
metang,6,PU
metagross,3,OU
metagross,4,OU
metagross,5,OU
metagross,6,UU
metagross,7,RU
latias,3,Uber
latias,4,OU
latias,5,OU
latias,6,OU
latias,7,UU
latios,3,Uber
latios,4,Uber
latios,5,OU
latios,6,OU
latios,7,UUBL
kyogre,3,Uber
kyogre,4,Uber
kyogre,5,Uber
kyogre,6,Uber
kyogre,7,Uber
groudon,3,Uber
groudon,4,Uber
groudon,5,Uber
groudon,6,Uber
groudon,7,Uber
rayquaza,3,Uber
rayquaza,4,Uber
rayquaza,5,Uber
rayquaza,6,Uber
rayquaza,7,Uber
jirachi,3,OU
jirachi,4,OU
jirachi,5,OU
jirachi,6,OU
jirachi,7,OU
jirachi,8,Limbo
deoxys,3,Uber
deoxys,4,Uber
deoxys,5,Uber
deoxys,6,Uber
deoxys,7,Uber
deoxys-attack,3,Uber
deoxys-attack,4,Uber
deoxys-attack,5,Uber
deoxys-attack,6,Uber
deoxys-attack,7,Uber
deoxys-defense,3,Uber
deoxys-defense,4,Uber
deoxys-defense,5,Uber
deoxys-defense,6,Uber
deoxys-defense,7,Uber
deoxys-speed,3,Uber
deoxys-speed,4,Uber
deoxys-speed,5,Uber
deoxys-speed,6,Uber
deoxys-speed,7,Uber
castform-snowy,3,NU
castform-snowy,4,NU
castform-snowy,5,NU
castform-snowy,6,PU
castform-snowy,7,Untiered
castform-sunny,3,NU
castform-sunny,4,NU
castform-sunny,5,NU
castform-sunny,6,PU
castform-sunny,7,Untiered
castform-rainy,3,NU
castform-rainy,4,NU
castform-rainy,5,NU
castform-rainy,6,PU
castform-rainy,7,Untiered
machoke,4,NU
machoke,5,NU
machoke,6,PUBL
dragonair,4,NU
dragonair,5,NU
rotom-heat,4,OU
rotom-heat,5,UU
rotom-heat,6,UU
rotom-heat,7,UU
rotom-heat,8,OU
rotom-wash,4,OU
rotom-wash,5,OU
rotom-wash,6,OU
rotom-wash,7,OU
rotom-wash,8,OU
rotom-frost,4,OU
rotom-frost,5,NU
rotom-frost,6,PU
rotom-frost,7,PU
rotom-frost,8,NU
rotom-fan,4,OU
rotom-fan,5,NU
rotom-fan,6,PU
rotom-fan,7,Untiered
rotom-fan,8,NU
rotom-mow,4,OU
rotom-mow,5,RU
rotom-mow,6,RU
rotom-mow,7,RU
rotom-mow,8,OU
starly,4,LC
starly,5,LC
starly,6,LC
starly,7,LC
staraptor,4,UUBL
staraptor,5,UUBL
staraptor,6,UUBL
staraptor,7,UUBL
roserade,4,OU
roserade,5,UU
roserade,6,UU
roserade,7,RU
roserade,8,UU
mime-jr,4,LC
mime-jr,5,LC
mime-jr,6,LC
mime-jr,7,LC
mime-jr,8,LC
togekiss,4,OU
togekiss,5,UU
togekiss,6,UUBL
togekiss,7,UU
togekiss,8,OU
dusknoir,4,OU
dusknoir,5,RU
dusknoir,6,PU
dusknoir,7,Untiered
dusknoir,8,NU
heatran,4,OU
heatran,5,OU
heatran,6,OU
heatran,7,OU
burmy,4,LC
burmy,5,LC
burmy,6,LC
burmy,7,LC
wormadam,4,NU
wormadam,5,NU
wormadam,6,PU
wormadam,7,Untiered
wormadam-sandy,4,NU
wormadam-sandy,5,NU
wormadam-sandy,6,PU
wormadam-sandy,7,Untiered
wormadam-trash,4,NU
wormadam-trash,5,NU
wormadam-trash,6,PU
wormadam-trash,7,Untiered
cherrim,4,NU
cherrim,5,NU
cherrim,6,PU
cherrim,7,Untiered
cherrim,8,NU
arceus,4,Uber
arceus,5,Uber
arceus,6,Uber
arceus,7,Uber
syclant,4,CAP
syclant,5,CAP
syclant,6,CAP
syclant,7,CAP
syclant,8,CAP
revenankh,4,CAP
revenankh,5,CAP
revenankh,6,CAP
revenankh,7,CAP
revenankh,8,CAP
pyroak,4,CAP
pyroak,5,CAP
pyroak,6,CAP
pyroak,7,CAP
pyroak,8,CAP
fidgit,4,CAP
fidgit,5,CAP
fidgit,6,CAP
fidgit,7,CAP
fidgit,8,CAP
stratagem,4,CAP
stratagem,5,CAP
stratagem,6,CAP
stratagem,7,CAP
stratagem,8,CAP
arghonaut,4,CAP
arghonaut,5,CAP
arghonaut,6,CAP
arghonaut,7,CAP
arghonaut,8,CAP
kitsunoh,4,CAP
kitsunoh,5,CAP
kitsunoh,6,CAP
kitsunoh,7,CAP
kitsunoh,8,CAP
cyclohm,4,CAP
cyclohm,5,CAP
cyclohm,6,CAP
cyclohm,7,CAP
cyclohm,8,CAP
colossoil,4,CAP
colossoil,5,CAP
colossoil,6,CAP
colossoil,7,CAP
colossoil,8,CAP
krilowatt,4,CAP
krilowatt,5,CAP
krilowatt,6,CAP
krilowatt,7,CAP
krilowatt,8,CAP
voodoom,4,CAP
voodoom,5,CAP
voodoom,6,CAP
voodoom,7,CAP
voodoom,8,CAP
leafeon,4,UU
leafeon,5,NU
leafeon,6,PU
leafeon,7,Untiered
leafeon,8,NU
glaceon,4,NU
glaceon,5,NU
glaceon,6,PU
glaceon,7,Untiered
glaceon,8,NU
gallade,4,UUBL
gallade,5,RU
gallade,6,RU
gallade,7,PUBL
gallade,8,RU
pichu-spiky-eared,4,NU
turtwig,4,LC
turtwig,5,LC
turtwig,6,LC
turtwig,7,LC
torterra,4,UU
torterra,5,NU
torterra,6,NU
torterra,7,Untiered
chimchar,4,LC
chimchar,5,LC
chimchar,6,LC
chimchar,7,LC
monferno,4,NU
monferno,5,NU
monferno,6,PU
infernape,4,OU
infernape,5,OU
infernape,6,UU
infernape,7,UU
piplup,4,LC
piplup,5,LC
piplup,6,LC
piplup,7,LC
empoleon,4,OU
empoleon,5,UU
empoleon,6,UU
empoleon,7,UU
bidoof,4,LC
bidoof,5,LC
bidoof,6,LC
bidoof,7,LC
bibarel,4,NU
bibarel,5,NU
bibarel,6,PU
bibarel,7,Untiered
kricketot,4,LC
kricketot,5,LC
kricketot,6,LC
kricketot,7,LC
kricketune,4,NU
kricketune,5,NU
kricketune,6,PU
kricketune,7,Untiered
shinx,4,LC
shinx,5,LC
shinx,6,LC
shinx,7,LC
luxray,4,NU
luxray,5,NU
luxray,6,PU
luxray,7,Untiered
budew,4,LC
budew,5,LC
budew,6,LC
budew,7,LC
budew,8,LC
cranidos,4,LC
cranidos,5,LC
cranidos,6,LC
cranidos,7,LC
rampardos,4,NU
rampardos,5,NU
rampardos,6,PU
rampardos,7,Untiered
shieldon,4,LC
shieldon,5,LC
shieldon,6,LC
shieldon,7,LC
bastiodon,4,NU
bastiodon,5,NU
bastiodon,6,PU
bastiodon,7,Untiered
mothim,4,NU
mothim,5,NU
mothim,6,PU
mothim,7,Untiered
combee,4,LC
combee,5,LC
combee,6,LC
combee,7,LC
combee,8,LC
vespiquen,4,NU
vespiquen,5,NU
vespiquen,6,PU
vespiquen,7,Untiered
vespiquen,8,NU
pachirisu,4,NU
pachirisu,5,NU
pachirisu,6,PU
pachirisu,7,Untiered
buizel,4,LC
buizel,5,LC
buizel,6,LC
buizel,7,LC
floatzel,4,NU
floatzel,5,NU
floatzel,6,PU
floatzel,7,Untiered
cherubi,4,LC
cherubi,5,LC
cherubi,6,LC
cherubi,7,LC
shellos,4,LC
shellos,5,LC
shellos,6,LC
shellos,7,LC
shellos,8,LC
gastrodon,4,NU
gastrodon,5,OU
gastrodon,6,NU
gastrodon,7,PU
gastrodon,8,RU
ambipom,4,UU
ambipom,5,UU
ambipom,6,RU
ambipom,7,NU
drifloon,4,LC
drifloon,5,LC
drifloon,8,LC
drifblim,4,NU
drifblim,5,NU
drifblim,6,PU
drifblim,7,Untiered
drifblim,8,RU
buneary,4,LC
buneary,5,LC
buneary,6,LC
buneary,7,LC
lopunny,4,NU
lopunny,5,NU
lopunny,6,PU
lopunny,7,Untiered
mismagius,4,UU
mismagius,5,UU
mismagius,6,NU
mismagius,7,NU
honchkrow,4,UUBL
honchkrow,5,UU
honchkrow,6,RUBL
honchkrow,7,RU
glameow,4,LC
glameow,5,LC
glameow,6,LC
glameow,7,LC
purugly,4,NU
purugly,5,NU
purugly,6,PU
purugly,7,Untiered
chingling,4,LC
chingling,5,LC
chingling,6,LC
chingling,7,LC
stunky,4,LC
stunky,5,LC
stunky,6,LC
stunky,7,LC
stunky,8,LC
skuntank,4,NU
skuntank,5,NU
skuntank,6,NU
skuntank,7,PU
skuntank,8,NU
bronzor,4,LC
bronzor,5,LC
bronzor,6,LC
bronzor,7,LC
bronzor,8,LC
bronzong,4,OU
bronzong,5,UU
bronzong,6,RU
bronzong,7,RU
bronzong,8,UU
bonsly,4,LC
bonsly,5,LC
bonsly,6,LC
bonsly,7,LC
bonsly,8,LC
happiny,4,LC
happiny,5,LC
happiny,6,LC
happiny,7,LC
chatot,4,NU
chatot,5,NU
chatot,6,PU
chatot,7,Untiered
spiritomb,4,UU
spiritomb,5,RU
spiritomb,6,RU
spiritomb,7,PU
gible,4,LC
gible,5,LC
gible,6,LC
gible,7,LC
gabite,4,NU
gabite,5,NU
gabite,6,PU
garchomp,4,Uber
garchomp,5,OU
garchomp,6,OU
garchomp,7,OU
munchlax,4,LC
munchlax,5,NU
munchlax,6,LC
munchlax,7,LC
munchlax,8,LC
riolu,4,LC
riolu,5,LC
riolu,6,LC
riolu,7,LC
riolu,8,LC
lucario,4,OU
lucario,5,OU
lucario,6,UU
lucario,7,UU
lucario,8,UU
hippopotas,4,NUBL
hippopotas,5,LC
hippopotas,6,LC
hippopotas,7,LC
hippopotas,8,LC
hippowdon,4,OU
hippowdon,5,OU
hippowdon,6,OU
hippowdon,7,UU
hippowdon,8,UU
skorupi,4,LC
skorupi,5,LC
skorupi,6,LC
skorupi,7,LC
skorupi,8,LC
drapion,4,UU
drapion,5,RU
drapion,6,RU
drapion,7,RU
drapion,8,UU
croagunk,4,LC
croagunk,5,LC
croagunk,6,LC
croagunk,7,LC
croagunk,8,LC
toxicroak,4,UU
toxicroak,5,OU
toxicroak,6,UU
toxicroak,7,RU
toxicroak,8,NU
carnivine,4,NU
carnivine,5,NU
carnivine,6,PU
carnivine,7,Untiered
finneon,4,LC
finneon,5,LC
finneon,6,LC
finneon,7,LC
lumineon,4,NU
lumineon,5,NU
lumineon,6,PU
lumineon,7,Untiered
mantyke,4,LC
mantyke,5,LC
mantyke,6,LC
mantyke,7,LC
mantyke,8,LC
snover,4,NUBL
snover,5,LC
snover,6,LC
snover,7,LC
snover,8,LC
abomasnow,4,UUBL
abomasnow,5,UU
abomasnow,6,NU
abomasnow,7,PU
abomasnow,8,NU
weavile,4,OU
weavile,5,UU
weavile,6,OU
weavile,7,UUBL
weavile,8,UU
magnezone,4,OU
magnezone,5,OU
magnezone,6,OU
magnezone,7,OU
lickilicky,4,NU
lickilicky,5,NU
lickilicky,6,PU
lickilicky,7,Untiered
rhyperior,4,UU
rhyperior,5,UU
rhyperior,6,RU
rhyperior,7,RU
rhyperior,8,UU
tangrowth,4,UU
tangrowth,5,RU
tangrowth,6,OU
tangrowth,7,OU
electivire,4,OU
electivire,5,RU
electivire,6,NU
electivire,7,Untiered
magmortar,4,NU
magmortar,5,RU
magmortar,6,NU
magmortar,7,NU
yanmega,4,UUBL
yanmega,5,UU
yanmega,6,RUBL
yanmega,7,RU
gliscor,4,OU
gliscor,5,OU
gliscor,6,OU
gliscor,7,OU
mamoswine,4,OU
mamoswine,5,OU
mamoswine,6,UU
mamoswine,7,UU
mamoswine,8,UU
porygon-z,4,UUBL
porygon-z,5,UU
porygon-z,6,UU
porygon-z,7,UUBL
probopass,4,NU
probopass,5,NU
probopass,6,PU
probopass,7,Untiered
froslass,4,UUBL
froslass,5,UUBL
froslass,6,RUBL
froslass,7,UU
froslass,8,RU
rotom,4,UU
rotom,5,RU
rotom,6,NU
rotom,7,NU
rotom,8,RU
uxie,4,UU
uxie,5,RU
uxie,6,RU
uxie,7,RU
mesprit,4,UU
mesprit,5,RU
mesprit,6,NU
mesprit,7,NU
azelf,4,OU
azelf,5,UU
azelf,6,OU
azelf,7,UU
dialga,4,Uber
dialga,5,Uber
dialga,6,Uber
dialga,7,Uber
palkia,4,Uber
palkia,5,Uber
palkia,6,Uber
palkia,7,Uber
regigigas,4,NU
regigigas,5,NU
regigigas,6,PU
regigigas,7,Untiered
giratina,4,Uber
giratina,5,Uber
giratina,6,Uber
giratina,7,Uber
giratina-origin,4,Uber
giratina-origin,5,Uber
giratina-origin,6,Uber
giratina-origin,7,Uber
cresselia,4,UUBL
cresselia,5,RUBL
cresselia,6,UU
cresselia,7,RU
phione,4,NU
phione,5,NU
phione,6,PU
phione,7,Untiered
manaphy,4,Uber
manaphy,5,Uber
manaphy,6,OU
manaphy,7,OU
darkrai,4,Uber
darkrai,5,Uber
darkrai,6,Uber
darkrai,7,Uber
shaymin,4,OU
shaymin,5,UU
shaymin,6,RUBL
shaymin,7,RU
shaymin-sky,4,Uber
shaymin-sky,5,Uber
shaymin-sky,6,Uber
shaymin-sky,7,Uber
arceus-bug,4,Uber
arceus-bug,5,Uber
arceus-bug,6,Uber
arceus-bug,7,Uber
arceus-dark,4,Uber
arceus-dark,5,Uber
arceus-dark,6,Uber
arceus-dark,7,Uber
arceus-dragon,4,Uber
arceus-dragon,5,Uber
arceus-dragon,6,Uber
arceus-dragon,7,Uber
arceus-electric,4,Uber
arceus-electric,5,Uber
arceus-electric,6,Uber
arceus-electric,7,Uber
arceus-fighting,4,Uber
arceus-fighting,5,Uber
arceus-fighting,6,Uber
arceus-fighting,7,Uber
arceus-fire,4,Uber
arceus-fire,5,Uber
arceus-fire,6,Uber
arceus-fire,7,Uber
arceus-flying,4,Uber
arceus-flying,5,Uber
arceus-flying,6,Uber
arceus-flying,7,Uber
arceus-ghost,4,Uber
arceus-ghost,5,Uber
arceus-ghost,6,Uber
arceus-ghost,7,Uber
arceus-grass,4,Uber
arceus-grass,5,Uber
arceus-grass,6,Uber
arceus-grass,7,Uber
arceus-ground,4,Uber
arceus-ground,5,Uber
arceus-ground,6,Uber
arceus-ground,7,Uber
arceus-ice,4,Uber
arceus-ice,5,Uber
arceus-ice,6,Uber
arceus-ice,7,Uber
arceus-poison,4,Uber
arceus-poison,5,Uber
arceus-poison,6,Uber
arceus-poison,7,Uber
arceus-psychic,4,Uber
arceus-psychic,5,Uber
arceus-psychic,6,Uber
arceus-psychic,7,Uber
arceus-rock,4,Uber
arceus-rock,5,Uber
arceus-rock,6,Uber
arceus-rock,7,Uber
arceus-steel,4,Uber
arceus-steel,5,Uber
arceus-steel,6,Uber
arceus-steel,7,Uber
arceus-water,4,Uber
arceus-water,5,Uber
arceus-water,6,Uber
arceus-water,7,Uber
cherrim-sunshine,4,NU
cherrim-sunshine,5,NU
cherrim-sunshine,6,PU
cherrim-sunshine,7,Untiered
cherrim-sunshine,8,NU
wartortle,5,NU
wartortle,8,Limbo
combusken,5,NU
combusken,6,PU
lairon,5,NU
snivy,5,LC
snivy,6,LC
snivy,7,LC
serperior,5,NU
serperior,6,OU
serperior,7,OU
tepig,5,LC
tepig,6,LC
tepig,7,LC
emboar,5,RU
emboar,6,RU
emboar,7,NUBL
oshawott,5,LC
oshawott,6,LC
oshawott,7,LC
samurott,5,NU
samurott,6,NU
samurott,7,NU
stoutland,5,NU
stoutland,6,PU
stoutland,7,PU
unfezant,5,NU
unfezant,6,PU
unfezant,7,Untiered
unfezant,8,NU
gigalith,5,NU
gigalith,6,PU
gigalith,7,RU
gigalith,8,RU
seismitoad,5,NU
seismitoad,6,RU
seismitoad,7,NU
seismitoad,8,OU
leavanny,5,NU
leavanny,6,PU
leavanny,7,Untiered
venipede,5,LC
venipede,6,LC
venipede,7,LC
whirlipede,5,NU
scolipede,5,NUBL
scolipede,6,UUBL
scolipede,7,UUBL
cottonee,5,LC
cottonee,6,LC
cottonee,7,LC
cottonee,8,LC
whimsicott,5,RU
whimsicott,6,UU
whimsicott,7,NU
whimsicott,8,RU
krookodile,5,UU
krookodile,6,UU
krookodile,7,UU
gothita,5,LC
gothita,6,LC
gothitelle,5,UUBL
gothitelle,6,PU
gothitelle,7,Untiered
gothitelle,8,NU
ferrothorn,5,OU
ferrothorn,6,OU
ferrothorn,7,OU
ferrothorn,8,OU
klink,5,LC
klink,6,LC
klink,7,LC
klink,8,LC
litwick,5,LC
litwick,6,LC
litwick,7,LC
litwick,8,LC
lampent,5,NU
chandelure,5,UUBL
chandelure,6,UU
chandelure,7,UU
chandelure,8,UU
rufflet,5,LC
rufflet,6,LC
rufflet,7,LC
rufflet,8,LC
larvesta,5,LC
larvesta,6,LC
larvesta,7,LC
volcarona,5,OU
volcarona,6,UUBL
volcarona,7,OU
roggenrola,5,LC
roggenrola,6,LC
roggenrola,7,LC
roggenrola,8,LC
woobat,5,LC
woobat,6,LC
woobat,7,LC
woobat,8,LC
crustle,5,RU
crustle,6,PU
crustle,7,Untiered
crustle,8,NU
vanillite,5,LC
vanillite,6,LC
vanillite,7,LC
vanillite,8,LC
vanilluxe,5,NU
vanilluxe,6,PU
vanilluxe,7,NUBL
vanilluxe,8,RU
deerling,5,LC
deerling,6,LC
deerling,7,LC
cubchoo,5,LC
cubchoo,6,LC
cubchoo,7,LC
cubchoo,8,LC
beartic,5,NU
beartic,6,PU
beartic,7,Untiered
beartic,8,NU
cryogonal,5,RU
cryogonal,6,PU
cryogonal,7,PU
necturna,5,CAP
necturna,6,CAP
necturna,7,CAP
necturna,8,CAP
aurumoth,5,CAP
aurumoth,6,CAP
aurumoth,7,CAP
aurumoth,8,CAP
malaconda,5,CAP
malaconda,6,CAP
malaconda,7,CAP
malaconda,8,CAP
garbodor,5,NU
garbodor,6,NU
garbodor,7,NU
garbodor,8,NU
victini,5,UU
victini,6,UUBL
victini,7,OU
patrat,5,LC
patrat,6,LC
patrat,7,LC
watchog,5,NU
watchog,6,PU
watchog,7,Untiered
lillipup,5,LC
lillipup,6,LC
lillipup,7,LC
purrloin,5,LC
purrloin,6,LC
purrloin,7,LC
purrloin,8,LC
liepard,5,NU
liepard,6,NU
liepard,7,PU
liepard,8,NU
pansage,5,LC
pansage,6,LC
pansage,7,LC
simisage,5,NU
simisage,6,PU
simisage,7,Untiered
pansear,5,LC
pansear,6,LC
pansear,7,LC
simisear,5,NU
simisear,6,PU
simisear,7,Untiered
panpour,5,LC
panpour,6,LC
panpour,7,LC
simipour,5,NU
simipour,6,PU
simipour,7,Untiered
munna,5,LC
munna,6,LC
munna,7,LC
munna,8,LC
musharna,5,NU
musharna,6,PUBL
musharna,7,PU
musharna,8,NU
pidove,5,LC
pidove,6,LC
pidove,7,LC
pidove,8,LC
blitzle,5,LC
blitzle,6,LC
blitzle,7,LC
zebstrika,5,NU
zebstrika,6,PU
zebstrika,7,Untiered
swoobat,5,NU
swoobat,6,PU
swoobat,7,Untiered
swoobat,8,NU
drilbur,5,LC
drilbur,6,LC
drilbur,7,LC
drilbur,8,LC
excadrill,5,OU
excadrill,6,OU
excadrill,7,OU
excadrill,8,OU
audino,5,NU
audino,6,PU
audino,7,PU
timburr,5,LC
timburr,6,LC
timburr,7,LC
timburr,8,LC
gurdurr,5,NU
gurdurr,6,NU
gurdurr,7,PU
gurdurr,8,RU
conkeldurr,5,OU
conkeldurr,6,UU
conkeldurr,7,UUBL
conkeldurr,8,OU
tympole,5,LC
tympole,6,LC
tympole,7,LC
tympole,8,LC
throh,5,NU
throh,6,PUBL
throh,7,Untiered
throh,8,NU
sawk,5,NU
sawk,6,RU
sawk,7,PUBL
sawk,8,NU
sewaddle,5,LC
sewaddle,6,LC
sewaddle,7,LC
petilil,5,LC
petilil,6,LC
petilil,7,LC
lilligant,5,RU
lilligant,6,NU
lilligant,7,PUBL
basculin,5,NU
basculin,6,PU
basculin,7,Untiered
basculin,8,NU
basculin-blue-striped,5,NU
basculin-blue-striped,6,PU
basculin-blue-striped,7,Untiered
basculin-blue-striped,8,NU
sandile,5,LC
sandile,6,LC
sandile,7,LC
darumaka,5,LC
darumaka,6,LC
darumaka,7,LC
darumaka,8,Limbo
darmanitan,5,UU
darmanitan,6,UU
darmanitan,7,RUBL
darmanitan,8,Limbo
maractus,5,NU
maractus,6,PU
maractus,7,Untiered
maractus,8,NU
dwebble,5,LC
dwebble,6,LC
dwebble,7,LC
dwebble,8,LC
scrafty,5,UU
scrafty,6,RU
scrafty,7,NU
scrafty,8,NU
sigilyph,5,RU
sigilyph,6,RU
sigilyph,7,NU
sigilyph,8,RU
yamask,5,LC
yamask,6,LC
yamask,7,LC
yamask,8,LC
cofagrigus,5,UU
cofagrigus,6,RU
cofagrigus,7,NUBL
cofagrigus,8,NU
tirtouga,5,LC
tirtouga,6,LC
tirtouga,7,LC
carracosta,5,NU
carracosta,6,PUBL
carracosta,7,PU
archen,5,LC
archen,6,LC
archen,7,LC
archeops,5,RU
archeops,6,NU
archeops,7,PUBL
trubbish,5,LC
trubbish,6,LC
trubbish,7,LC
trubbish,8,LC
zorua,5,LC
zorua,6,LC
zorua,7,LC
zoroark,5,UU
zoroark,6,RUBL
zoroark,7,RUBL
minccino,5,LC
minccino,6,LC
minccino,7,LC
minccino,8,LC
cinccino,5,RU
cinccino,6,RU
cinccino,7,PUBL
cinccino,8,RU
solosis,5,LC
solosis,6,LC
solosis,7,LC
solosis,8,LC
reuniclus,5,OU
reuniclus,6,UU
reuniclus,7,RUBL
reuniclus,8,UU
ducklett,5,LC
ducklett,6,LC
ducklett,7,LC
swanna,5,NU
swanna,6,PU
swanna,7,Untiered
sawsbuck,5,NU
sawsbuck,6,PU
sawsbuck,7,Untiered
emolga,5,NU
emolga,6,PU
emolga,7,Untiered
karrablast,5,LC
karrablast,6,LC
karrablast,7,LC
karrablast,8,LC
escavalier,5,RU
escavalier,6,RU
escavalier,7,RU
escavalier,8,RU
foongus,5,LC
foongus,6,LC
foongus,7,LC
amoonguss,5,RU
amoonguss,6,OU
amoonguss,7,UU
frillish,5,LC
frillish,6,LC
frillish,7,LC
frillish,8,LC
jellicent,5,OU
jellicent,6,RU
jellicent,7,PU
jellicent,8,RU
alomomola,5,NU
alomomola,6,RU
alomomola,7,UU
joltik,5,LC
joltik,6,LC
joltik,7,LC
joltik,8,LC
galvantula,5,RU
galvantula,6,UU
galvantula,7,RU
galvantula,8,RU
ferroseed,5,RU
ferroseed,6,NU
ferroseed,7,PU
ferroseed,8,LC
klinklang,5,RU
klinklang,6,NU
klinklang,7,NU
klinklang,8,NU
tynamo,5,LC
tynamo,6,LC
tynamo,7,LC
eelektross,5,NU
eelektross,6,RU
eelektross,7,PU
elgyem,5,LC
elgyem,6,LC
elgyem,7,LC
elgyem,8,LC
beheeyem,5,NU
beheeyem,6,PU
beheeyem,7,Untiered
beheeyem,8,NU
axew,5,LC
axew,6,LC
axew,7,LC
axew,8,LC
fraxure,5,NU
haxorus,5,OU
haxorus,6,UU
haxorus,7,UU
haxorus,8,UU
shelmet,5,LC
shelmet,6,LC
shelmet,7,LC
shelmet,8,LC
accelgor,5,RU
accelgor,6,RU
accelgor,7,NU
accelgor,8,RU
stunfisk,5,NU
stunfisk,6,PU
stunfisk,7,Untiered
stunfisk,8,Limbo
mienfoo,5,LC
mienfoo,6,LC
mienfoo,7,LC
mienshao,5,UU
mienshao,6,UU
mienshao,7,RUBL
druddigon,5,RU
druddigon,6,RU
druddigon,7,NU
golett,5,LC
golett,6,LC
golett,7,LC
golett,8,LC
golurk,5,NU
golurk,6,NU
golurk,7,PU
golurk,8,NU
pawniard,5,LC
pawniard,6,PU
pawniard,7,LC
pawniard,8,LC
bisharp,5,UU
bisharp,6,OU
bisharp,7,UU
bisharp,8,OU
bouffalant,5,RU
bouffalant,6,PU
bouffalant,7,Untiered
braviary,5,NU
braviary,6,RU
braviary,7,NU
braviary,8,UU
vullaby,5,LC
vullaby,6,PU
vullaby,7,LC
vullaby,8,LC
mandibuzz,5,NU
mandibuzz,6,UU
mandibuzz,7,RU
mandibuzz,8,OU
heatmor,5,NU
heatmor,6,PU
heatmor,7,Untiered
heatmor,8,NU
durant,5,RU
durant,6,RUBL
durant,7,RUBL
durant,8,UU
deino,5,LC
deino,6,LC
deino,7,LC
deino,8,LC
zweilous,5,NU
hydreigon,5,OU
hydreigon,6,UU
hydreigon,7,UU
hydreigon,8,OU
cobalion,5,UU
cobalion,6,UU
cobalion,7,UU
cobalion,8,Limbo
terrakion,5,OU
terrakion,6,UUBL
terrakion,7,UU
terrakion,8,Limbo
virizion,5,UU
virizion,6,RU
virizion,7,RU
virizion,8,Limbo
tornadus,5,UU
tornadus,6,UU
tornadus,7,RUBL
tornadus-therian,5,Uber
tornadus-therian,6,OU
tornadus-therian,7,OU
thundurus,5,Uber
thundurus,6,OU
thundurus,7,UUBL
thundurus-therian,5,OU
thundurus-therian,6,UUBL
thundurus-therian,7,UUBL
reshiram,5,Uber
reshiram,6,Uber
reshiram,7,Uber
reshiram,8,Limbo
zekrom,5,Uber
zekrom,6,Uber
zekrom,7,Uber
zekrom,8,Limbo
landorus,5,Uber
landorus,6,Uber
landorus,7,Uber
landorus-therian,5,OU
landorus-therian,6,OU
landorus-therian,7,OU
kyurem,5,UUBL
kyurem,6,RUBL
kyurem,7,RUBL
kyurem,8,Limbo
kyurem-black,5,OU
kyurem-black,6,OU
kyurem-black,7,OU
kyurem-black,8,Limbo
kyurem-white,5,Uber
kyurem-white,6,Uber
kyurem-white,7,Uber
kyurem-white,8,Limbo
keldeo,5,OU
keldeo,6,OU
keldeo,7,OU
keldeo,8,Limbo
keldeo-resolute,5,OU
keldeo-resolute,6,OU
keldeo-resolute,7,OU
keldeo-resolute,8,Limbo
meloetta,5,UU
meloetta,6,RU
meloetta,7,RUBL
genesect,5,Uber
genesect,6,Uber
genesect,7,Uber
genesect-douse,5,Uber
genesect-douse,6,Uber
genesect-douse,7,Uber
genesect-shock,5,Uber
genesect-shock,6,Uber
genesect-shock,7,Uber
genesect-burn,5,Uber
genesect-burn,6,Uber
genesect-burn,7,Uber
genesect-chill,5,Uber
genesect-chill,6,Uber
genesect-chill,7,Uber
tomohawk,5,CAP
tomohawk,6,CAP
tomohawk,7,CAP
tomohawk,8,CAP
mollux,5,CAP
mollux,6,CAP
mollux,7,CAP
mollux,8,CAP
cawmodore,5,CAP
cawmodore,6,CAP
cawmodore,7,CAP
cawmodore,8,CAP
volkraken,5,CAP
volkraken,6,CAP
volkraken,7,CAP
volkraken,8,CAP
meloetta-pirouette,5,UU
meloetta-pirouette,6,RU
meloetta-pirouette,7,RUBL
darmanitan-zen,5,UU
darmanitan-zen,6,UU
darmanitan-zen,7,RUBL
darmanitan-zen,8,Limbo
prinplup,6,PU
scraggy,6,LC
scraggy,7,LC
scraggy,8,LC
greninja,6,Uber
greninja,7,OU
vivillon,6,NU
vivillon,7,NU
meowstic-m,6,PU
meowstic-m,7,Untiered
meowstic-m,8,NU
zygarde,6,UUBL
zygarde,7,Uber
naviathan,6,CAP
naviathan,7,CAP
naviathan,8,CAP
aegislash,6,Uber
aegislash,7,Uber
aegislash,8,OU
pumpkaboo-small,6,LC
pumpkaboo-small,7,LC
pumpkaboo-small,8,LC
pumpkaboo-large,6,LC
pumpkaboo-large,7,LC
pumpkaboo-large,8,LC
gourgeist-small,6,PU
gourgeist-small,7,Untiered
gourgeist-small,8,NU
gourgeist-large,6,PU
gourgeist-large,7,Untiered
gourgeist-large,8,NU
hawlucha,6,UUBL
hawlucha,7,OU
hawlucha,8,UUBL
bergmite,6,LC
bergmite,7,LC
bergmite,8,LC
avalugg,6,PU
avalugg,7,Untiered
avalugg,8,UU
noibat,6,LC
noibat,7,LC
noibat,8,LC
noivern,6,RUBL
noivern,7,RU
noivern,8,UU
pikachu-cosplay,6,PU
pikachu-rock-star,6,PU
pikachu-belle,6,PU
pikachu-pop-star,6,PU
pikachu-phd,6,PU
pikachu-libre,6,PU
arceus-fairy,6,Uber
arceus-fairy,7,Uber
chespin,6,LC
chespin,7,LC
chesnaught,6,UU
chesnaught,7,UU
fennekin,6,LC
fennekin,7,LC
delphox,6,RU
delphox,7,NU
froakie,6,LC
froakie,7,LC
bunnelby,6,LC
bunnelby,7,LC
bunnelby,8,LC
diggersby,6,UUBL
diggersby,7,UUBL
diggersby,8,UU
fletchling,6,LC
fletchling,7,LC
fletchinder,6,RU
talonflame,6,OU
talonflame,7,RUBL
scatterbug,6,LC
scatterbug,7,LC
vivillon-fancy,6,NU
vivillon-fancy,7,NU
vivillon-pokeball,6,NU
vivillon-pokeball,7,NU
litleo,6,LC
litleo,7,LC
pyroar,6,NU
pyroar,7,PUBL
flabebe,6,LC
flabebe,7,LC
florges,6,UU
florges,7,RU
skiddo,6,LC
skiddo,7,LC
gogoat,6,PU
gogoat,7,Untiered
pancham,6,LC
pancham,7,LC
pancham,8,LC
pangoro,6,RUBL
pangoro,7,NU
pangoro,8,RU
furfrou,6,PU
furfrou,7,Untiered
espurr,6,LC
espurr,7,LC
espurr,8,LC
meowstic-f,6,PU
meowstic-f,7,Untiered
meowstic-f,8,NU
honedge,6,LC
honedge,7,LC
honedge,8,LC
doublade,6,UU
doublade,7,UU
doublade,8,UU
spritzee,6,LC
spritzee,7,LC
spritzee,8,LC
aromatisse,6,RU
aromatisse,7,PUBL
aromatisse,8,RU
slurpuff,6,RUBL
slurpuff,7,NUBL
slurpuff,8,NU
inkay,6,LC
inkay,7,LC
inkay,8,LC
malamar,6,NU
malamar,7,NU
malamar,8,NU
binacle,6,LC
binacle,7,LC
binacle,8,LC
barbaracle,6,NU
barbaracle,7,NUBL
barbaracle,8,RU
skrelp,6,LC
skrelp,7,LC
dragalge,6,RUBL
dragalge,7,RU
clauncher,6,LC
clauncher,7,LC
clawitzer,6,RU
clawitzer,7,NU
helioptile,6,LC
helioptile,7,LC
helioptile,8,LC
heliolisk,6,UU
heliolisk,7,NU
heliolisk,8,UU
tyrunt,6,LC
tyrunt,7,LC
tyrantrum,6,RUBL
tyrantrum,7,RU
amaura,6,LC
amaura,7,LC
aurorus,6,NU
aurorus,7,PU
sylveon,6,UU
sylveon,7,UU
sylveon,8,OU
dedenne,6,PU
dedenne,7,Untiered
carbink,6,PU
carbink,7,Untiered
goomy,6,LC
goomy,7,LC
goomy,8,LC
goodra,6,UU
goodra,7,RU
goodra,8,RU
klefki,6,UU
klefki,7,UU
phantump,6,LC
phantump,7,LC
phantump,8,LC
trevenant,6,PU
trevenant,7,Untiered
trevenant,8,NU
pumpkaboo,6,LC
pumpkaboo,7,LC
pumpkaboo,8,LC
pumpkaboo-super,6,LC
pumpkaboo-super,7,LC
pumpkaboo-super,8,LC
gourgeist,6,PU
gourgeist,7,Untiered
gourgeist,8,NU
gourgeist-super,6,PU
gourgeist-super,7,Untiered
gourgeist-super,8,NU
xerneas,6,Uber
xerneas,7,Uber
yveltal,6,Uber
yveltal,7,Uber
diancie,6,RU
diancie,7,RU
hoopa,6,RU
hoopa,7,RU
hoopa-unbound,6,Uber
hoopa-unbound,7,UUBL
volcanion,6,OU
volcanion,7,UU
plasmanta,6,CAP
plasmanta,7,CAP
plasmanta,8,CAP
crucibelle,6,CAP
crucibelle,7,CAP
crucibelle,8,CAP
kerfluffle,6,CAP
kerfluffle,7,CAP
kerfluffle,8,CAP
groudon-primal,6,Uber
groudon-primal,7,Uber
tyranitar-mega,6,OU
tyranitar-mega,7,OU
mawile-mega,6,Uber
mawile-mega,7,OU
medicham-mega,6,OU
medicham-mega,7,OU
houndoom-mega,6,RUBL
houndoom-mega,7,RUBL
slowbro-mega,6,OU
slowbro-mega,7,RUBL
mewtwo-mega-y,6,Uber
mewtwo-mega-y,7,Uber
altaria-mega,6,UUBL
altaria-mega,7,UU
sableye-mega,6,Uber
sableye-mega,7,OU
scizor-mega,6,OU
scizor-mega,7,OU
abomasnow-mega,6,RUBL
abomasnow-mega,7,NU
diancie-mega,6,OU
diancie-mega,7,OU
charizard-mega-y,6,OU
charizard-mega-y,7,OU
ampharos-mega,6,UU
ampharos-mega,7,RU
rayquaza-mega,6,AG
rayquaza-mega,7,AG
heracross-mega,6,OU
heracross-mega,7,UUBL
camerupt-mega,6,RU
camerupt-mega,7,NUBL
garchomp-mega,6,OU
garchomp-mega,7,OU
steelix-mega,6,RUBL
steelix-mega,7,UU
gardevoir-mega,6,OU
gardevoir-mega,7,UUBL
gallade-mega,6,UUBL
gallade-mega,7,UUBL
swampert-mega,6,UU
swampert-mega,7,OU
salamence-mega,6,Uber
salamence-mega,7,Uber
latias-mega,6,OU
latias-mega,7,OU
venusaur-mega,6,OU
venusaur-mega,7,UUBL
metagross-mega,6,OU
metagross-mega,7,Uber
beedrill-mega,6,UU
beedrill-mega,7,UU
lucario-mega,6,Uber
lucario-mega,7,Uber
blaziken-mega,6,Uber
blaziken-mega,7,Uber
sharpedo-mega,6,UU
sharpedo-mega,7,UU
sceptile-mega,6,UU
sceptile-mega,7,RU
audino-mega,6,NU
audino-mega,7,NU
pinsir-mega,6,OU
pinsir-mega,7,UUBL
gengar-mega,6,Uber
gengar-mega,7,Uber
alakazam-mega,6,UUBL
alakazam-mega,7,OU
aegislash-blade,6,Uber
aegislash-blade,7,Uber
aegislash-blade,8,OU
charizard-mega-x,6,OU
charizard-mega-x,7,OU
gyarados-mega,6,UUBL
gyarados-mega,7,OU
absol-mega,6,UU
absol-mega,7,RUBL
aggron-mega,6,UU
aggron-mega,7,UU
glalie-mega,6,RU
glalie-mega,7,NU
mewtwo-mega-x,6,Uber
mewtwo-mega-x,7,Uber
banette-mega,6,RU
banette-mega,7,RU
lopunny-mega,6,OU
lopunny-mega,7,OU
manectric-mega,6,OU
manectric-mega,7,UU
kyogre-primal,6,Uber
kyogre-primal,7,Uber
latios-mega,6,OU
latios-mega,7,UUBL
crucibelle-mega,6,CAP
crucibelle-mega,7,CAP
pidgeot-mega,6,UUBL
pidgeot-mega,7,UU
kangaskhan-mega,6,Uber
kangaskhan-mega,7,Uber
aerodactyl-mega,6,UU
aerodactyl-mega,7,UU
blastoise-mega,6,UU
blastoise-mega,7,RU
pikachu-original,7,Untiered
pikachu-original,8,Limbo
pikachu-hoenn,7,Untiered
pikachu-hoenn,8,Limbo
pikachu-sinnoh,7,Untiered
pikachu-sinnoh,8,Limbo
pikachu-unova,7,Untiered
pikachu-unova,8,Limbo
pikachu-kalos,7,Untiered
pikachu-kalos,8,Limbo
pikachu-alola,7,Untiered
pikachu-alola,8,Limbo
pikachu-partner,7,Untiered
pikachu-partner,8,Limbo
vikavolt,7,NU
vikavolt,8,NU
tapu-koko,7,OU
tapu-lele,7,OU
tapu-bulu,7,OU
tapu-fini,7,OU
rattata-alola,7,LC
raticate-alola,7,Untiered
raticate-alola-totem,7,Untiered
raichu-alola,7,PU
raichu-alola,8,Limbo
sandshrew-alola,7,LC
sandslash-alola,7,PU
vulpix-alola,7,LC
vulpix-alola,8,Limbo
ninetales-alola,7,UUBL
ninetales-alola,8,Limbo
diglett-alola,7,LC
diglett-alola,8,Limbo
dugtrio-alola,7,PU
dugtrio-alola,8,Limbo
meowth-alola,7,LC
meowth-alola,8,Limbo
persian-alola,7,PU
persian-alola,8,Limbo
geodude-alola,7,LC
golem-alola,7,Untiered
grimer-alola,7,LC
muk-alola,7,UU
exeggutor-alola,7,NU
marowak-alola,7,RU
marowak-alola-totem,7,Untiered
zygarde-10%,7,RU
rowlet,7,LC
rowlet,8,Limbo
decidueye,7,NU
decidueye,8,Limbo
litten,7,LC
litten,8,Limbo
incineroar,7,NU
incineroar,8,Limbo
popplio,7,LC
popplio,8,Limbo
primarina,7,UU
primarina,8,Limbo
pikipek,7,LC
toucannon,7,Untiered
yungoos,7,LC
gumshoos,7,Untiered
gumshoos-totem,7,Untiered
grubbin,7,LC
grubbin,8,LC
vikavolt-totem,7,NU
crabrawler,7,LC
crabominable,7,Untiered
oricorio,7,Untiered
oricorio-pom-pom,7,PU
oricorio-pa'u,7,Untiered
oricorio-sensu,7,PU
ribombee,7,RU
ribombee,8,UU
ribombee-totem,7,RU
rockruff,7,LC
lycanroc,7,PU
lycanroc-midnight,7,Untiered
lycanroc-dusk,7,RU
wishiwashi,7,Untiered
wishiwashi,8,NU
mareanie,7,LC
mareanie,8,LC
toxapex,7,OU
toxapex,8,OU
mudbray,7,LC
mudbray,8,LC
mudsdale,7,PU
mudsdale,8,RU
dewpider,7,LC
dewpider,8,LC
araquanid,7,RU
araquanid,8,UU
araquanid-totem,7,RU
fomantis,7,LC
lurantis,7,PU
lurantis-totem,7,PU
morelull,7,LC
morelull,8,LC
shiinotic,7,Untiered
shiinotic,8,NU
salandit,7,LC
salandit,8,LC
salazzle,7,RU
salazzle,8,RU
salazzle-totem,7,RU
stufful,7,LC
stufful,8,LC
bewear,7,RU
bewear,8,RU
bounsweet,7,LC
bounsweet,8,LC
tsareena,7,RU
tsareena,8,UU
comfey,7,NU
oranguru,7,Untiered
oranguru,8,NU
passimian,7,NU
passimian,8,RU
wimpod,7,LC
wimpod,8,LC
golisopod,7,RU
golisopod,8,UU
sandygast,7,LC
palossand,7,NU
pyukumuku,7,Untiered
pyukumuku,8,NU
type:-null,7,Untiered
silvally,7,Untiered
silvally,8,NU
silvally-bug,7,Untiered
silvally-bug,8,NU
silvally-dark,7,Untiered
silvally-dark,8,NU
silvally-dragon,7,Untiered
silvally-dragon,8,NU
silvally-electric,7,Untiered
silvally-electric,8,NU
silvally-fairy,7,PU
silvally-fairy,8,NU
silvally-fighting,7,Untiered
silvally-fighting,8,NU
silvally-fire,7,Untiered
silvally-fire,8,NU
silvally-flying,7,Untiered
silvally-flying,8,NU
silvally-ghost,7,PU
silvally-ghost,8,RU
silvally-grass,7,Untiered
silvally-grass,8,NU
silvally-ground,7,Untiered
silvally-ground,8,NU
silvally-ice,7,Untiered
silvally-ice,8,NU
silvally-poison,7,Untiered
silvally-poison,8,NU
silvally-psychic,7,Untiered
silvally-psychic,8,NU
silvally-rock,7,Untiered
silvally-rock,8,NU
silvally-steel,7,NU
silvally-steel,8,RU
silvally-water,7,Untiered
silvally-water,8,NU
minior,7,NU
komala,7,Untiered
turtonator,7,Untiered
turtonator,8,RU
togedemaru,7,NU
togedemaru,8,NU
togedemaru-totem,7,NU
mimikyu,7,UU
mimikyu,8,OU
mimikyu-totem,7,UU
bruxish,7,NUBL
drampa,7,PU
drampa,8,NU
dhelmise,7,NU
dhelmise,8,RU
jangmo-o,7,LC
jangmo-o,8,LC
kommo-o,7,OU
kommo-o,8,OU
kommo-o-totem,7,OU
cosmog,7,LC
cosmog,8,Limbo
solgaleo,7,Uber
solgaleo,8,Limbo
lunala,7,Uber
lunala,8,Limbo
nihilego,7,UU
buzzwole,7,UUBL
pheromosa,7,Uber
xurkitree,7,UUBL
celesteela,7,OU
kartana,7,OU
guzzlord,7,PUBL
necrozma,7,RU
necrozma,8,Limbo
necrozma-dusk-mane,7,Uber
necrozma-dusk-mane,8,Limbo
necrozma-dawn-wings,7,Uber
necrozma-dawn-wings,8,Limbo
magearna,7,OU
marshadow,7,Uber
marshadow,8,Limbo
naganadel,7,Uber
stakataka,7,RUBL
blacephalon,7,OU
zeraora,7,UU
zeraora,8,Limbo
pajantom,7,CAP
pajantom,8,CAP
jumbao,7,CAP
jumbao,8,CAP
caribolt,7,CAP
caribolt,8,CAP
smokomodo,7,CAP
smokomodo,8,CAP
snaelstrom,7,CAP
snaelstrom,8,CAP
equilibra,7,CAP
equilibra,8,CAP
necrozma-ultra,7,Uber
mimikyu-busted-totem,7,UU
minior-meteor,7,NU
zygarde-complete,7,Uber
wishiwashi-school,7,Untiered
wishiwashi-school,8,NU
mimikyu-busted,7,UU
mimikyu-busted,8,OU
greninja-ash,7,OU
ivysaur,8,Limbo
melmetal,8,Limbo
dartrix,8,Limbo
torracat,8,Limbo
brionne,8,Limbo
cutiefly,8,LC
cosmoem,8,Limbo
meltan,8,Limbo
meowth-galar,8,LC
ponyta-galar,8,LC
rapidash-galar,8,NU
slowpoke-galar,8,UU
farfetch'd-galar,8,LC
weezing-galar,8,UU
corsola-galar,8,UU
zigzagoon-galar,8,LC
darumaka-galar,8,LC
darmanitan-galar,8,Uber
yamask-galar,8,LC
stunfisk-galar,8,NU
grookey,8,LC
rillaboom,8,RU
scorbunny,8,LC
cinderace,8,OU
sobble,8,LC
inteleon,8,UU
skwovet,8,LC
greedent,8,NU
rookidee,8,LC
corviknight,8,OU
blipbug,8,LC
orbeetle,8,NU
nickit,8,LC
thievul,8,NU
gossifleur,8,LC
eldegoss,8,RU
wooloo,8,LC
dubwool,8,NU
chewtle,8,LC
drednaw,8,NU
yamper,8,LC
boltund,8,RU
rolycoly,8,LC
coalossal,8,UU
applin,8,LC
flapple,8,RU
appletun,8,NU
silicobra,8,LC
sandaconda,8,NU
cramorant,8,UU
arrokuda,8,LC
barraskewda,8,UU
toxel,8,LC
toxtricity,8,OU
toxtricity-low-key,8,OU
sizzlipede,8,LC
centiskorch,8,UU
clobbopus,8,LC
grapploct,8,NU
sinistea,8,LC
polteageist,8,UU
hatenna,8,LC
hatterene,8,OU
impidimp,8,LC
grimmsnarl,8,OU
obstagoon,8,OU
perrserker,8,NU
cursola,8,NU
sirfetch'd,8,UU
mr-rime,8,RU
runerigus,8,RU
milcery,8,LC
alcremie,8,RU
falinks,8,NU
pincurchin,8,NU
snom,8,LC
frosmoth,8,UU
stonjourner,8,NU
eiscue,8,NU
indeedee,8,UU
indeedee-f,8,RU
morpeko,8,UU
cufant,8,LC
copperajah,8,UU
dracozolt,8,UU
arctozolt,8,NU
dracovish,8,OU
arctovish,8,NU
duraludon,8,UU
dreepy,8,LC
dragapult,8,OU
zacian,8,Uber
zacian-crowned,8,Uber
zamazenta,8,Uber
zamazenta-crowned,8,Uber
eternatus,8,Uber
sandaconda-gmax,8,Uber
darmanitan-galar-zen,8,Limbo
coalossal-gmax,8,Uber
corviknight-gmax,8,Uber
alcremie-gmax,8,Uber
lapras-gmax,8,Uber
melmetal-gmax,8,Limbo
pikachu-gmax,8,Uber
machamp-gmax,8,Uber
grimmsnarl-gmax,8,Uber
copperajah-gmax,8,Uber
gengar-gmax,8,Uber
kingler-gmax,8,Uber
drednaw-gmax,8,Uber
charizard-gmax,8,Uber
appletun-gmax,8,Uber
morpeko-hangry,8,UU
flapple-gmax,8,Uber
cramorant-gulping,8,UU
eiscue-noice,8,NU
duraludon-gmax,8,Uber
centiskorch-gmax,8,Uber
toxtricity-gmax,8,Uber
butterfree-gmax,8,Uber
garbodor-gmax,8,Uber
orbeetle-gmax,8,Uber
snorlax-gmax,8,Uber
cramorant-gorging,8,UU
hatterene-gmax,8,Uber
meowth-gmax,8,Uber
eevee-gmax,8,Uber